Year,Site,Stream,Watershed,Lat,Lon,SampleDate,Species,fish_per_m,fish_per_m2
2011,LEM00002-00001A,Little Springs Creek,Lemhi,44.7562,-113.49704,2011-06-21T00:00:00Z,Chinook,0,0
2011,LEM00002-00001A,Little Springs Creek,Lemhi,44.7562,-113.49704,2011-06-21T00:00:00Z,Steelhead,0,0
2011,LEM00002-00001B,Little Springs Creek,Lemhi,44.76625,-113.51611,2011-06-21T00:00:00Z,Chinook,0,0
2011,LEM00002-00001B,Little Springs Creek,Lemhi,44.76625,-113.51611,2011-06-21T00:00:00Z,Steelhead,0.036451451223401835,0.009858998250192128
2011,LEM00001-Big0Springs-4,Big Springs Creek,Lemhi,44.71085,-113.40722,2011-06-29T00:00:00Z,Chinook,0.003444920153468437,3.3814810014364194e-4
2011,LEM00001-Big0Springs-4,Big Springs Creek,Lemhi,44.71085,-113.40722,2011-06-29T00:00:00Z,Steelhead,0.08612300383671093,0.00845370250359105
2011,LEM00001-Big0Springs-5,Big Springs Creek,Lemhi,44.7168,-113.41599,2011-06-30T00:00:00Z,Steelhead,0.2777738354147491,0.02770209718726756
2011,CBW05583-050639,Hawley Creek,Lemhi,44.67139,-113.273885,2011-07-02T00:00:00Z,Chinook,0,0
2011,CBW05583-050639,Hawley Creek,Lemhi,44.67139,-113.273885,2011-07-02T00:00:00Z,Steelhead,0.016757223260667968,0.003415253166451489
2011,CBW05583-068047,Reservoir Creek,Lemhi,44.681059,-113.156493,2011-07-02T00:00:00Z,Chinook,0,0
2011,CBW05583-068047,Reservoir Creek,Lemhi,44.681059,-113.156493,2011-07-02T00:00:00Z,Steelhead,0.1618438469635048,0.04119812882945695
2011,CBW05583-394703,Texas Creek,Lemhi,44.679318,-113.350044,2011-07-03T00:00:00Z,Chinook,0,0
2011,CBW05583-394703,Texas Creek,Lemhi,44.679318,-113.350044,2011-07-03T00:00:00Z,Steelhead,0.031164599259092814,0.007673824106359201
2011,CBW05583-217551,Little Eightmile Creek,Lemhi,44.744566,-113.456871,2011-07-04T00:00:00Z,Chinook,0,0
2011,CBW05583-217551,Little Eightmile Creek,Lemhi,44.744566,-113.456871,2011-07-04T00:00:00Z,Steelhead,0.04378974302339625,0.013535169785169785
2011,CBW05583-510383,Little Eightmile Creek,Lemhi,44.76672674,-113.4434449,2011-07-04T00:00:00Z,Chinook,0,0
2011,CBW05583-510383,Little Eightmile Creek,Lemhi,44.76672674,-113.4434449,2011-07-04T00:00:00Z,Steelhead,0.03784750920621737,0.011088330751600322
2011,CBW05583-058207,Agency Creek,Lemhi,44.974312,-113.520112,2011-07-12T00:00:00Z,Chinook,0,0
2011,CBW05583-058207,Agency Creek,Lemhi,44.974312,-113.520112,2011-07-12T00:00:00Z,Steelhead,0.15489842411919647,0.03551567697497352
2011,LEM00002-00001C,Little Springs Creek,Lemhi,44.76974,-113.52119,2011-07-12T00:00:00Z,Chinook,0,0
2011,LEM00002-00001C,Little Springs Creek,Lemhi,44.76974,-113.52119,2011-07-12T00:00:00Z,Steelhead,0.03422237356116308,0.0054767076990735325
2011,CBW05583-084831,Agency Creek,Lemhi,44.95501,-113.550617,2011-07-13T00:00:00Z,Chinook,0,0
2011,CBW05583-084831,Agency Creek,Lemhi,44.95501,-113.550617,2011-07-13T00:00:00Z,Steelhead,0.3552979010699256,0.09131731177715399
2011,CBW05583-193375,Pattee Creek,Lemhi,44.996083,-113.56564,2011-07-13T00:00:00Z,Chinook,0,0
2011,CBW05583-193375,Pattee Creek,Lemhi,44.996083,-113.56564,2011-07-13T00:00:00Z,Steelhead,0.4271255215126345,0.12135635665679707
2011,CBW05583-136031,Flume Creek,Lemhi,44.979693,-113.502729,2011-07-14T00:00:00Z,Chinook,0,0
2011,CBW05583-136031,Flume Creek,Lemhi,44.979693,-113.502729,2011-07-14T00:00:00Z,Steelhead,0.2344512928318334,0.06410718721702686
2011,CBW05583-258911,Pattee Creek,Lemhi,45.011465,-113.565211,2011-07-14T00:00:00Z,Chinook,0,0
2011,CBW05583-258911,Pattee Creek,Lemhi,45.011465,-113.565211,2011-07-14T00:00:00Z,Steelhead,0.2515291552717874,0.0665871916314936
2011,CBW05583-035679,Agency Creek,Lemhi,44.97132,-113.52751,2011-07-15T00:00:00Z,Chinook,0,0
2011,CBW05583-035679,Agency Creek,Lemhi,44.97132,-113.52751,2011-07-15T00:00:00Z,Steelhead,0.3300262775172816,0.07978028509484879
2011,CBW05583-063951,Canyon Creek,Lemhi,44.71641,-113.281967,2011-07-15T00:00:00Z,Chinook,0,0
2011,CBW05583-063951,Canyon Creek,Lemhi,44.71641,-113.281967,2011-07-15T00:00:00Z,Steelhead,0.32502276546650555,0.09918314215581091
2011,CBW05583-049615,Canyon Creek,Lemhi,44.732668,-113.276001,2011-07-16T00:00:00Z,Chinook,0,0
2011,CBW05583-049615,Canyon Creek,Lemhi,44.732668,-113.276001,2011-07-16T00:00:00Z,Steelhead,0.42048916084065646,0.12098913204691292
2011,CBW05583-048847,Cruikshank Creek,Lemhi,44.76067,-113.203339,2011-07-17T00:00:00Z,Chinook,0,0
2011,CBW05583-048847,Cruikshank Creek,Lemhi,44.76067,-113.203339,2011-07-17T00:00:00Z,Steelhead,0.10587746149827196,0.030288683774957876
2011,CBW05583-064351,Kenney Creek,Lemhi,45.029179,-113.647942,2011-07-18T00:00:00Z,Chinook,0,0
2011,CBW05583-064351,Kenney Creek,Lemhi,45.029179,-113.647942,2011-07-18T00:00:00Z,Steelhead,0.31138888063841424,0.07479910327382729
2011,CBW05583-121695,Kenney Creek,Lemhi,45.040667,-113.621826,2011-07-18T00:00:00Z,Chinook,0,0
2011,CBW05583-121695,Kenney Creek,Lemhi,45.040667,-113.621826,2011-07-18T00:00:00Z,Steelhead,0.22769339328102817,0.06530230458052132
2011,CBW05583-141151,Pattee Creek,Lemhi,45.022259,-113.558841,2011-07-19T00:00:00Z,Chinook,0,0
2011,CBW05583-141151,Pattee Creek,Lemhi,45.022259,-113.558841,2011-07-19T00:00:00Z,Steelhead,0.021883890786546425,0.006362336326247033
2011,CBW05583-207711,Bohannon Creek,Lemhi,45.165577,-113.679715,2011-07-19T00:00:00Z,Chinook,0,0
2011,CBW05583-207711,Bohannon Creek,Lemhi,45.165577,-113.679715,2011-07-19T00:00:00Z,Steelhead,0.008180737357672553,0.002694051883667607
2011,CBW05583-007007,Wimpey Creek,Lemhi,45.10932,-113.693449,2011-07-20T00:00:00Z,Chinook,0,NA
2011,CBW05583-007007,Wimpey Creek,Lemhi,45.10932,-113.693449,2011-07-20T00:00:00Z,Steelhead,0.5833333333333334,NA
2011,CBW05583-043471,Hawley Creek,Lemhi,44.66101,-113.25181,2011-07-20T00:00:00Z,Chinook,0,0
2011,CBW05583-043471,Hawley Creek,Lemhi,44.66101,-113.25181,2011-07-20T00:00:00Z,Steelhead,0.014623101619808277,0.0033052562829616683
2011,CBW05583-075215,Texas Creek,Lemhi,44.655095,-113.320465,2011-07-20T00:00:00Z,Chinook,0,0
2011,CBW05583-075215,Texas Creek,Lemhi,44.655095,-113.320465,2011-07-20T00:00:00Z,Steelhead,0,0
2011,CBW05583-102239,Bohannon Creek,Lemhi,45.112979,-113.743608,2011-07-21T00:00:00Z,Chinook,0,0
2011,CBW05583-102239,Bohannon Creek,Lemhi,45.112979,-113.743608,2011-07-21T00:00:00Z,Steelhead,0.7324011813877932,0.3594335972679816
2011,CBW05583-306015,Bohannon Creek,Lemhi,45.191264,-113.689808,2011-07-22T00:00:00Z,Chinook,NA,NA
2011,CBW05583-306015,Bohannon Creek,Lemhi,45.191264,-113.689808,2011-07-22T00:00:00Z,Steelhead,NA,NA
2011,CBW05583-028079,Bear Valley Creek,Lemhi,44.78147,-113.74992,2011-07-25T00:00:00Z,Chinook,0,0
2011,CBW05583-028079,Bear Valley Creek,Lemhi,44.78147,-113.74992,2011-07-25T00:00:00Z,Steelhead,0,0
2011,CBW05583-001487,Big Timber Creek,Lemhi,44.662016,-113.376291,2011-07-26T00:00:00Z,Chinook,0,0
2011,CBW05583-001487,Big Timber Creek,Lemhi,44.662016,-113.376291,2011-07-26T00:00:00Z,Steelhead,0.2401104803730307,0.05329254312972348
2011,CBW05583-042447,Canyon Creek,Lemhi,44.6965,-113.33884,2011-07-27T00:00:00Z,Chinook,0.016666666666666666,0.00684002130666637
2011,CBW05583-042447,Canyon Creek,Lemhi,44.6965,-113.33884,2011-07-27T00:00:00Z,Steelhead,0.13333333333333333,0.05472017045333096
2011,CBW05583-109999,Bear Valley Creek,Lemhi,44.785891,-113.763765,2011-07-27T00:00:00Z,Chinook,0,0
2011,CBW05583-109999,Bear Valley Creek,Lemhi,44.785891,-113.763765,2011-07-27T00:00:00Z,Steelhead,0,0
2011,CBW05583-061903,Lemhi River,Lemhi,44.727251,-113.42182,2011-07-28T00:00:00Z,Chinook,1.2916666666666667,NA
2011,CBW05583-061903,Lemhi River,Lemhi,44.727251,-113.42182,2011-07-28T00:00:00Z,Steelhead,1.7583333333333333,NA
2011,CBW05583-362335,Kenney Creek,Lemhi,45.055783,-113.595298,2011-07-28T00:00:00Z,Chinook,0,0
2011,CBW05583-362335,Kenney Creek,Lemhi,45.055783,-113.595298,2011-07-28T00:00:00Z,Steelhead,0.04375,0.012542887716785895
2011,CBW05583-091599,Big Timber Creek,Lemhi,44.690468,-113.371966,2011-07-29T00:00:00Z,Chinook,0,0
2011,CBW05583-091599,Big Timber Creek,Lemhi,44.690468,-113.371966,2011-07-29T00:00:00Z,Steelhead,0.2660072220960799,0.07862980451507315
2011,CBW05583-271823,Texas Creek,Lemhi,44.665128,-113.328376,2011-07-29T00:00:00Z,Chinook,0,0
2011,CBW05583-271823,Texas Creek,Lemhi,44.665128,-113.328376,2011-07-29T00:00:00Z,Steelhead,0,0
2011,CBW05583-020943,Lemhi River,Lemhi,44.73389,-113.44444,2011-07-31T00:00:00Z,Chinook,0.3607206439512862,0.025024325273419416
2011,CBW05583-020943,Lemhi River,Lemhi,44.73389,-113.44444,2011-07-31T00:00:00Z,Steelhead,3.219047791476502,0.22331546684494422
2011,CBW05583-109999,Bear Valley Creek,Lemhi,44.785891,-113.763765,2011-08-02T00:00:00Z,Chinook,0,0
2011,CBW05583-109999,Bear Valley Creek,Lemhi,44.785891,-113.763765,2011-08-02T00:00:00Z,Steelhead,0,0
2011,CBW05583-149967,Hawley Creek,Lemhi,44.666491,-113.19275,2011-08-02T00:00:00Z,Chinook,0,0
2011,CBW05583-149967,Hawley Creek,Lemhi,44.666491,-113.19275,2011-08-02T00:00:00Z,Steelhead,0.23333333333333334,0.04656339294140538
2011,CBW05583-019295,Agency Creek,Lemhi,44.95953,-113.54365,2011-08-04T00:00:00Z,Chinook,0,0
2011,CBW05583-019295,Agency Creek,Lemhi,44.95953,-113.54365,2011-08-04T00:00:00Z,Steelhead,0.5666666666666667,0.1101577694153271
2011,CBW05583-100191,Kenney Creek,Lemhi,45.06121,-113.585386,2011-08-08T00:00:00Z,Chinook,0,0
2011,CBW05583-100191,Kenney Creek,Lemhi,45.06121,-113.585386,2011-08-08T00:00:00Z,Steelhead,0,0
2011,CBW05583-048559,Hayden Creek,Lemhi,44.789109,-113.702766,2011-08-10T00:00:00Z,Steelhead,0.07072903365309816,0.00777196913286879
2011,CBW05583-009135,Hayden Creek,Lemhi,44.739351,-113.712177,2011-08-11T00:00:00Z,Chinook,0,0
2011,CBW05583-009135,Hayden Creek,Lemhi,44.739351,-113.712177,2011-08-11T00:00:00Z,Steelhead,0.014108235712713251,0.0022376797248845476
2011,CBW05583-025519,Bear Valley Creek,Lemhi,44.77221,-113.70851,2011-08-11T00:00:00Z,Chinook,0,0
2011,CBW05583-025519,Bear Valley Creek,Lemhi,44.77221,-113.70851,2011-08-11T00:00:00Z,Steelhead,0.075,0.01024260147874486
2011,CBW05583-087503,Big Timber Creek,Lemhi,44.548778,-113.410266,2011-08-12T00:00:00Z,Chinook,0,NA
2011,CBW05583-087503,Big Timber Creek,Lemhi,44.548778,-113.410266,2011-08-12T00:00:00Z,Steelhead,0.05416666666666667,NA
2011,CBW05583-040911,Big Timber Creek,Lemhi,44.53023,-113.42298,2011-08-13T00:00:00Z,Chinook,0,NA
2011,CBW05583-040911,Big Timber Creek,Lemhi,44.53023,-113.42298,2011-08-13T00:00:00Z,Steelhead,0.004166666666666667,NA
2011,LEM00001-Big0Springs-6,Big Springs Creek,Lemhi,44.72693,-113.43268,2011-08-14T00:00:00Z,Chinook,0.09103395237097424,0.00908491402362202
2011,LEM00001-Big0Springs-6,Big Springs Creek,Lemhi,44.72693,-113.43268,2011-08-14T00:00:00Z,Steelhead,0.36,0.035926914775445185
2011,CBW05583-009135,Hayden Creek,Lemhi,44.739351,-113.712177,2011-08-15T00:00:00Z,Chinook,0,0
2011,CBW05583-009135,Hayden Creek,Lemhi,44.739351,-113.712177,2011-08-15T00:00:00Z,Steelhead,0,0
2011,CBW05583-029103,Hayden Creek,Lemhi,44.850935,-113.646074,2011-08-16T00:00:00Z,Chinook,3.0671356807336845,0.30528318863101067
2011,CBW05583-029103,Hayden Creek,Lemhi,44.850935,-113.646074,2011-08-16T00:00:00Z,Steelhead,0.19578265879685075,0.01948696131429781
2011,CBW05583-240479,Bohannon Creek,Lemhi,45.141736,-113.71404,2011-08-19T00:00:00Z,Chinook,0,0
2011,CBW05583-240479,Bohannon Creek,Lemhi,45.141736,-113.71404,2011-08-19T00:00:00Z,Steelhead,0.9083333333333333,0.26519229482570905
2011,CBW05583-275935,Bohannon Creek,Lemhi,45.194598,-113.686053,2011-08-19T00:00:00Z,Chinook,0,0
2011,CBW05583-275935,Bohannon Creek,Lemhi,45.194598,-113.686053,2011-08-19T00:00:00Z,Steelhead,0,0
2011,CBW05583-482143,Wimpey Creek,Lemhi,45.140059,-113.668534,2011-08-22T00:00:00Z,Chinook,NA,NA
2011,CBW05583-482143,Wimpey Creek,Lemhi,45.140059,-113.668534,2011-08-22T00:00:00Z,Steelhead,NA,NA
2011,CBW05583-006575,Lemhi River,Lemhi,44.749675,-113.476619,2011-08-24T00:00:00Z,Chinook,0.7309755198840915,0.06483997423879632
2011,CBW05583-006575,Lemhi River,Lemhi,44.749675,-113.476619,2011-08-24T00:00:00Z,Steelhead,1.8751111162244085,0.16632862956908623
2011,CBW05583-045487,Hayden Creek,Lemhi,44.861416,-113.631901,2011-08-26T00:00:00Z,Chinook,1.2142857142857142,0.09590317840762502
2011,CBW05583-045487,Hayden Creek,Lemhi,44.861416,-113.631901,2011-08-26T00:00:00Z,Steelhead,0.6857142857142857,0.05415708898312943
2011,CBW05583-053711,Lemhi River,Lemhi,44.735869,-113.450468,2011-08-28T00:00:00Z,Chinook,0.7601397473988829,0.06769908814710202
2011,CBW05583-053711,Lemhi River,Lemhi,44.735869,-113.450468,2011-08-28T00:00:00Z,Steelhead,1.447127970989505,0.12888320128423186
2011,CBW05583-362335,Kenney Creek,Lemhi,45.055783,-113.595298,2011-09-07T00:00:00Z,Chinook,0,0
2011,CBW05583-362335,Kenney Creek,Lemhi,45.055783,-113.595298,2011-09-07T00:00:00Z,Steelhead,0.01875,0.005375523307193955
2011,CBW05583-054495,Lemhi River,Lemhi,45.155932,-113.820662,2011-09-08T00:00:00Z,Chinook,0.41944444444444445,NA
2011,CBW05583-054495,Lemhi River,Lemhi,45.155932,-113.820662,2011-09-08T00:00:00Z,Steelhead,0.30277777777777776,NA
2011,CBW05583-029135,Lemhi River,Lemhi,44.70714,-113.39274,2011-09-10T00:00:00Z,Chinook,0.019879801822087775,0.0017453971613429018
2011,CBW05583-029135,Lemhi River,Lemhi,44.70714,-113.39274,2011-09-10T00:00:00Z,Steelhead,0.3890554672438335,0.034158102490631816
2011,CBW05583-045519,Lemhi River,Lemhi,44.717008,-113.408309,2011-09-10T00:00:00Z,Chinook,0.16579171691342282,0.018329908193271377
2011,CBW05583-045519,Lemhi River,Lemhi,44.717008,-113.408309,2011-09-10T00:00:00Z,Steelhead,0.3421563527486792,0.037828756770176726
2011,CBW05583-119215,Lemhi River,Lemhi,44.816227,-113.585132,2011-09-12T00:00:00Z,Chinook,0.9821428571428571,0.07425309553729985
2011,CBW05583-119215,Lemhi River,Lemhi,44.816227,-113.585132,2011-09-12T00:00:00Z,Steelhead,0.5,0.037801575909898105
2011,CBW05583-254415,Big Eightmile Creek,Lemhi,44.719311,-113.469588,2011-09-14T00:00:00Z,Chinook,0,0
2011,CBW05583-254415,Big Eightmile Creek,Lemhi,44.719311,-113.469588,2011-09-14T00:00:00Z,Steelhead,0,0
2011,CBW05583-197071,Canyon Creek,Lemhi,44.759773,-113.258227,2011-09-21T00:00:00Z,Chinook,0,0
2011,CBW05583-197071,Canyon Creek,Lemhi,44.759773,-113.258227,2011-09-21T00:00:00Z,Steelhead,0.31666666666666665,0.10253122615474444
2011,CBW05583-442831,Canyon Creek,Lemhi,44.739371,-113.27291,2011-09-21T00:00:00Z,Chinook,0,0
2011,CBW05583-442831,Canyon Creek,Lemhi,44.739371,-113.27291,2011-09-21T00:00:00Z,Steelhead,0.4083333333333333,0.12745424197630026
2011,CBW05583-029535,Lemhi River,Lemhi,44.94307,-113.64129,2011-09-22T00:00:00Z,Chinook,0.10743434332093507,0.007982790964939262
2011,CBW05583-029535,Lemhi River,Lemhi,44.94307,-113.64129,2011-09-22T00:00:00Z,Steelhead,0.28372505780898055,0.021081879015525655
2011,CBW05583-240479,Bohannon Creek,Lemhi,45.141736,-113.71404,2011-09-23T00:00:00Z,Chinook,0,0
2011,CBW05583-240479,Bohannon Creek,Lemhi,45.141736,-113.71404,2011-09-23T00:00:00Z,Steelhead,0.5583333333333333,0.16300810782864683
2011,CBW05583-275935,Bohannon Creek,Lemhi,45.194598,-113.686053,2011-09-24T00:00:00Z,Chinook,0,0
2011,CBW05583-275935,Bohannon Creek,Lemhi,45.194598,-113.686053,2011-09-24T00:00:00Z,Steelhead,0,0
2011,CBW05583-080335,Big Timber Creek,Lemhi,44.588588,-113.397574,2011-09-25T00:00:00Z,Chinook,0,0
2011,CBW05583-080335,Big Timber Creek,Lemhi,44.588588,-113.397574,2011-09-25T00:00:00Z,Steelhead,0.225,0.030124780858955244
2011,CBW05583-038111,Lemhi River,Lemhi,45.1392,-113.80569,2011-09-26T00:00:00Z,Chinook,0.01931034906426798,0.001360870847464568
2011,CBW05583-038111,Lemhi River,Lemhi,45.1392,-113.80569,2011-09-26T00:00:00Z,Steelhead,0.5625,0.0396414300513753
2011,CBW05583-170447,Big Timber Creek,Lemhi,44.612611,-113.396322,2011-09-28T00:00:00Z,Chinook,0,0
2011,CBW05583-170447,Big Timber Creek,Lemhi,44.612611,-113.396322,2011-09-28T00:00:00Z,Steelhead,0.3875,0.06735986486307369
2011,CBW05583-078287,Big Eightmile Creek,Lemhi,44.701154,-113.478938,2011-10-05T00:00:00Z,Chinook,0,0
2011,CBW05583-078287,Big Eightmile Creek,Lemhi,44.701154,-113.478938,2011-10-05T00:00:00Z,Steelhead,0.4829031803268604,0.11207307164271105
2011,LEM00001-Little0Springs-2,Little Springs Creek,Lemhi,44.76116,-113.50772,2011-10-05T00:00:00Z,Chinook,0,0
2011,LEM00001-Little0Springs-2,Little Springs Creek,Lemhi,44.76116,-113.50772,2011-10-05T00:00:00Z,Steelhead,0.016666666666666666,0.0044249143474860905
2011,LEM00002-00001D,Little Springs Creek,Lemhi,44.76329,-113.51358,2011-10-05T00:00:00Z,Chinook,0,0
2011,LEM00002-00001D,Little Springs Creek,Lemhi,44.76329,-113.51358,2011-10-05T00:00:00Z,Steelhead,0.00853444759081079,0.004004930870888238
2011,LEM00001-Big0Springs-8,Big Springs Creek,Lemhi,44.70861,-113.40582,2011-10-06T00:00:00Z,Chinook,0.0375,0.004274198374094939
2011,LEM00001-Big0Springs-8,Big Springs Creek,Lemhi,44.70861,-113.40582,2011-10-06T00:00:00Z,Steelhead,0.6541666666666667,0.07456101608143394
2011,LEM00001-Big0Springs-1,Big Springs Creek,Lemhi,44.7223,-113.4228,2011-10-07T00:00:00Z,Chinook,0.175,0.020188582122422177
2011,LEM00001-Big0Springs-1,Big Springs Creek,Lemhi,44.7223,-113.4228,2011-10-07T00:00:00Z,Steelhead,1.57,0.18112042246973037
2011,CBW05583-154063,Texas Creek,Lemhi,44.601115,-113.333812,2011-10-08T00:00:00Z,Chinook,0,0
2011,CBW05583-154063,Texas Creek,Lemhi,44.601115,-113.333812,2011-10-08T00:00:00Z,Steelhead,0,0
2011,CBW05583-395727,Hawley Creek,Lemhi,44.675012,-113.155324,2011-10-08T00:00:00Z,Chinook,0,0
2011,CBW05583-395727,Hawley Creek,Lemhi,44.675012,-113.155324,2011-10-08T00:00:00Z,Steelhead,0.058333333333333334,0.014642683485113465
2011,CBW05583-013151,Agency Creek,Lemhi,44.946272,-113.584525,2011-10-09T00:00:00Z,Chinook,0,0
2011,CBW05583-013151,Agency Creek,Lemhi,44.946272,-113.584525,2011-10-09T00:00:00Z,Steelhead,0.2833333333333333,0.06935893575648976
2011,CBW05583-449375,Kenney Creek,Lemhi,45.03741,-113.626919,2011-10-09T00:00:00Z,Chinook,0,0
2011,CBW05583-449375,Kenney Creek,Lemhi,45.03741,-113.626919,2011-10-09T00:00:00Z,Steelhead,0.575,0.15425438627377405
2011,CBW05583-035679,Agency Creek,Lemhi,44.97132,-113.52751,2011-10-10T00:00:00Z,Chinook,0,0
2011,CBW05583-035679,Agency Creek,Lemhi,44.97132,-113.52751,2011-10-10T00:00:00Z,Steelhead,0.23926905120002917,0.05784070669376537
2011,CBW05583-136031,Flume Creek,Lemhi,44.979693,-113.502729,2011-10-10T00:00:00Z,Chinook,0,0
2011,CBW05583-136031,Flume Creek,Lemhi,44.979693,-113.502729,2011-10-10T00:00:00Z,Steelhead,0.22859001051103758,0.0625045075366012
2011,CBW05583-111455,Pattee Creek,Lemhi,44.976151,-113.62207,2011-10-11T00:00:00Z,Chinook,0,0
2011,CBW05583-111455,Pattee Creek,Lemhi,44.976151,-113.62207,2011-10-11T00:00:00Z,Steelhead,0.03333333333333333,0.010888273519963786
2011,CBW05583-455519,Pattee Creek,Lemhi,44.98571,-113.573901,2011-10-11T00:00:00Z,Chinook,0,0
2011,CBW05583-455519,Pattee Creek,Lemhi,44.98571,-113.573901,2011-10-11T00:00:00Z,Steelhead,0.4583333333333333,0.162100157856081
2011,CBW05583-048847,Cruikshank Creek,Lemhi,44.76067,-113.203339,2011-10-12T00:00:00Z,Chinook,0,0
2011,CBW05583-048847,Cruikshank Creek,Lemhi,44.76067,-113.203339,2011-10-12T00:00:00Z,Steelhead,0.04072210057625845,0.011649493759599183
2011,CBW05583-068047,Reservoir Creek,Lemhi,44.681059,-113.156493,2011-10-12T00:00:00Z,Chinook,0,0
2011,CBW05583-068047,Reservoir Creek,Lemhi,44.681059,-113.156493,2011-10-12T00:00:00Z,Steelhead,0.10472248921167956,0.026657612772001557
2012,LEM00002-00001C,Little Springs Creek,Lemhi,44.76974,-113.52119,2012-06-18T00:00:00Z,Chinook,0,0
2012,LEM00002-00001C,Little Springs Creek,Lemhi,44.76974,-113.52119,2012-06-18T00:00:00Z,Steelhead,0.0410668482733957,0.006572049238888239
2012,LEM00002-00001B,Little Springs Creek,Lemhi,44.76625,-113.51611,2012-06-19T00:00:00Z,Chinook,0,0
2012,LEM00002-00001B,Little Springs Creek,Lemhi,44.76625,-113.51611,2012-06-19T00:00:00Z,Steelhead,0.2319689894087843,0.047437104329297396
2012,CBW05583-001487,Big Timber Creek,Lemhi,44.662016,-113.376291,2012-06-20T00:00:00Z,Chinook,0,0
2012,CBW05583-001487,Big Timber Creek,Lemhi,44.662016,-113.376291,2012-06-20T00:00:00Z,Steelhead,0.08111204362230663,0.017382137740872976
2012,CBW05583-049615,Canyon Creek,Lemhi,44.732668,-113.276001,2012-06-21T00:00:00Z,Chinook,0,0
2012,CBW05583-049615,Canyon Creek,Lemhi,44.732668,-113.276001,2012-06-21T00:00:00Z,Steelhead,0.5742175063605223,0.17886847800812064
2012,CBW05583-029135,Lemhi River,Lemhi,44.70714,-113.39274,2012-06-23T00:00:00Z,Chinook,0.03696637431423589,0.0036156812936939254
2012,CBW05583-029135,Lemhi River,Lemhi,44.70714,-113.39274,2012-06-23T00:00:00Z,Steelhead,0.5872500849448072,0.05743893433545128
2012,CBW05583-045519,Lemhi River,Lemhi,44.717008,-113.408309,2012-06-23T00:00:00Z,Chinook,0.1900959740316945,0.0211600065365172
2012,CBW05583-045519,Lemhi River,Lemhi,44.717008,-113.408309,2012-06-23T00:00:00Z,Steelhead,1.8871576562544812,0.21006372462746337
2012,CBW05583-395727,Hawley Creek,Lemhi,44.675012,-113.155324,2012-06-25T00:00:00Z,Chinook,0,0
2012,CBW05583-395727,Hawley Creek,Lemhi,44.675012,-113.155324,2012-06-25T00:00:00Z,Steelhead,0.125,0.03137717889667171
2012,CBW05583-442831,Canyon Creek,Lemhi,44.739371,-113.27291,2012-06-25T00:00:00Z,Chinook,0,0
2012,CBW05583-442831,Canyon Creek,Lemhi,44.739371,-113.27291,2012-06-25T00:00:00Z,Steelhead,0.42322401097527745,0.1326564559345166
2012,CBW05583-035679,Agency Creek,Lemhi,44.97132,-113.52751,2012-06-26T00:00:00Z,Chinook,0,0
2012,CBW05583-035679,Agency Creek,Lemhi,44.97132,-113.52751,2012-06-26T00:00:00Z,Steelhead,1.6574954639329804,0.479983846060905
2012,CBW05583-111455,Pattee Creek,Lemhi,44.976151,-113.62207,2012-06-26T00:00:00Z,Chinook,0,0
2012,CBW05583-111455,Pattee Creek,Lemhi,44.976151,-113.62207,2012-06-26T00:00:00Z,Steelhead,0.3799400330860372,0.11974339597013053
2012,CBW05583-136031,Flume Creek,Lemhi,44.979693,-113.502729,2012-06-26T00:00:00Z,Chinook,0,0
2012,CBW05583-136031,Flume Creek,Lemhi,44.979693,-113.502729,2012-06-26T00:00:00Z,Steelhead,0.4004231010735828,0.10267999482618657
2012,CBW05583-455519,Pattee Creek,Lemhi,44.98571,-113.573901,2012-06-26T00:00:00Z,Chinook,0,0
2012,CBW05583-455519,Pattee Creek,Lemhi,44.98571,-113.573901,2012-06-26T00:00:00Z,Steelhead,0.44106278948654476,0.1480911001620578
2012,CBW05583-064351,Kenney Creek,Lemhi,45.029179,-113.647942,2012-06-27T00:00:00Z,Chinook,0,0
2012,CBW05583-064351,Kenney Creek,Lemhi,45.029179,-113.647942,2012-06-27T00:00:00Z,Steelhead,0.7283798235401067,0.2023946265324921
2012,CBW05583-149967,Hawley Creek,Lemhi,44.666491,-113.19275,2012-06-27T00:00:00Z,Chinook,0,0
2012,CBW05583-149967,Hawley Creek,Lemhi,44.666491,-113.19275,2012-06-27T00:00:00Z,Steelhead,0.5653402395342656,0.1286832664508365
2012,CBW05583-394703,Texas Creek,Lemhi,44.679318,-113.350044,2012-06-27T00:00:00Z,Chinook,0,0
2012,CBW05583-394703,Texas Creek,Lemhi,44.679318,-113.350044,2012-06-27T00:00:00Z,Steelhead,0.08317525575904211,0.020040675564631627
2012,CBW05583-019295,Agency Creek,Lemhi,44.95953,-113.54365,2012-06-28T00:00:00Z,Chinook,0,0
2012,CBW05583-019295,Agency Creek,Lemhi,44.95953,-113.54365,2012-06-28T00:00:00Z,Steelhead,0.40166843427555643,0.12455282422283397
2012,CBW05583-093023,Bohannon Creek,Lemhi,45.156209,-113.699501,2012-07-02T00:00:00Z,Chinook,0,0
2012,CBW05583-093023,Bohannon Creek,Lemhi,45.156209,-113.699501,2012-07-02T00:00:00Z,Steelhead,0.09166666666666666,0.025607819044907502
2012,CBW05583-042447,Canyon Creek,Lemhi,44.6965,-113.33884,2012-07-03T00:00:00Z,Chinook,0.008891238546862206,0.00394774137872499
2012,CBW05583-042447,Canyon Creek,Lemhi,44.6965,-113.33884,2012-07-03T00:00:00Z,Steelhead,0.12447733965607088,0.05526837930214986
2012,CBW05583-006575,Lemhi River,Lemhi,44.749675,-113.476619,2012-07-05T00:00:00Z,Chinook,0.18125,0.0158051152983161
2012,CBW05583-006575,Lemhi River,Lemhi,44.749675,-113.476619,2012-07-05T00:00:00Z,Steelhead,0.53125,0.046325337943340296
2012,CBW05583-275935,Bohannon Creek,Lemhi,45.194598,-113.686053,2012-07-05T00:00:00Z,Chinook,0,0
2012,CBW05583-275935,Bohannon Creek,Lemhi,45.194598,-113.686053,2012-07-05T00:00:00Z,Steelhead,0,0
2012,LEM00001-Big0Springs-1,Big Springs Creek,Lemhi,44.7223,-113.4228,2012-07-05T00:00:00Z,Chinook,0.05115768619016992,0.005901720850533419
2012,LEM00001-Big0Springs-1,Big Springs Creek,Lemhi,44.7223,-113.4228,2012-07-05T00:00:00Z,Steelhead,0.5299804727770442,0.06114031027393993
2012,LEM00001-Little0Springs-2,Little Springs Creek,Lemhi,44.76116,-113.50772,2012-07-05T00:00:00Z,Chinook,0,0
2012,LEM00001-Little0Springs-2,Little Springs Creek,Lemhi,44.76116,-113.50772,2012-07-05T00:00:00Z,Steelhead,0,0
2012,LEM00001-Little0Springs-6,Little Springs Creek,Lemhi,44.77085,-113.52601,2012-07-05T00:00:00Z,Chinook,0.013041429886270387,0.00187710374048941
2012,LEM00001-Little0Springs-6,Little Springs Creek,Lemhi,44.77085,-113.52601,2012-07-05T00:00:00Z,Steelhead,0.028430060186532248,0.004092049168217435
2012,CBW05583-061903,Lemhi River,Lemhi,44.727251,-113.42182,2012-07-06T00:00:00Z,Chinook,0.7,NA
2012,CBW05583-061903,Lemhi River,Lemhi,44.727251,-113.42182,2012-07-06T00:00:00Z,Steelhead,1.3666666666666667,NA
2012,CBW05583-240479,Bohannon Creek,Lemhi,45.141736,-113.71404,2012-07-06T00:00:00Z,Chinook,0,0
2012,CBW05583-240479,Bohannon Creek,Lemhi,45.141736,-113.71404,2012-07-06T00:00:00Z,Steelhead,0.49660025751291975,0.13756515370296932
2012,LEM00001-Big0Springs-4,Big Springs Creek,Lemhi,44.71085,-113.40722,2012-07-06T00:00:00Z,Chinook,0.02148914484425762,0.0020346237807832308
2012,LEM00001-Big0Springs-4,Big Springs Creek,Lemhi,44.71085,-113.40722,2012-07-06T00:00:00Z,Steelhead,0.19671178765822622,0.01862496083629684
2012,LEM00001-Big0Springs-6,Big Springs Creek,Lemhi,44.72693,-113.43268,2012-07-06T00:00:00Z,Chinook,0,0
2012,LEM00001-Big0Springs-6,Big Springs Creek,Lemhi,44.72693,-113.43268,2012-07-06T00:00:00Z,Steelhead,0.20395816213802442,0.02028194892281039
2012,CBW05583-048847,Cruikshank Creek,Lemhi,44.76067,-113.203339,2012-07-07T00:00:00Z,Chinook,0,0
2012,CBW05583-048847,Cruikshank Creek,Lemhi,44.76067,-113.203339,2012-07-07T00:00:00Z,Steelhead,0.017822580633704718,0.006312188741010967
2012,CBW05583-063951,Canyon Creek,Lemhi,44.71641,-113.281967,2012-07-07T00:00:00Z,Chinook,0,0
2012,CBW05583-063951,Canyon Creek,Lemhi,44.71641,-113.281967,2012-07-07T00:00:00Z,Steelhead,0.15534524150238077,0.045095500013149485
2012,CBW05583-091599,Big Timber Creek,Lemhi,44.690468,-113.371966,2012-07-07T00:00:00Z,Chinook,0.00625,0.0016390435918394641
2012,CBW05583-091599,Big Timber Creek,Lemhi,44.690468,-113.371966,2012-07-07T00:00:00Z,Steelhead,0.1375,0.03605895902046821
2012,LEM00001-Big0Springs-5,Big Springs Creek,Lemhi,44.7168,-113.41599,2012-07-07T00:00:00Z,Chinook,0.04191168587493201,0.004527466099465713
2012,LEM00001-Big0Springs-5,Big Springs Creek,Lemhi,44.7168,-113.41599,2012-07-07T00:00:00Z,Steelhead,0.3520581613494289,0.038030715235512
2012,LEM00001-Big0Springs-8,Big Springs Creek,Lemhi,44.70861,-113.40582,2012-07-07T00:00:00Z,Chinook,0.08516900721352928,0.009707446190809252
2012,LEM00001-Big0Springs-8,Big Springs Creek,Lemhi,44.70861,-113.40582,2012-07-07T00:00:00Z,Steelhead,0.4651734955042638,0.053019834617503564
2012,CBW05583-197071,Canyon Creek,Lemhi,44.759773,-113.258227,2012-07-08T00:00:00Z,Chinook,0,0
2012,CBW05583-197071,Canyon Creek,Lemhi,44.759773,-113.258227,2012-07-08T00:00:00Z,Steelhead,0.359977653790913,0.1380475161317719
2012,CBW05583-229839,Canyon Creek,Lemhi,44.753561,-113.239364,2012-07-08T00:00:00Z,Chinook,0,0
2012,CBW05583-229839,Canyon Creek,Lemhi,44.753561,-113.239364,2012-07-08T00:00:00Z,Steelhead,0.08675246009033485,0.034022040201865514
2012,CBW05583-358863,Canyon Creek,Lemhi,44.703317,-113.29496,2012-07-08T00:00:00Z,Chinook,0.008333333333333333,0.002084540195250542
2012,CBW05583-358863,Canyon Creek,Lemhi,44.703317,-113.29496,2012-07-08T00:00:00Z,Steelhead,0.05,0.012507241171503251
2012,CBW05583-452047,Lemhi River,Lemhi,44.701595,-113.38312,2012-07-08T00:00:00Z,Chinook,0.058333333333333334,0.004546861932085374
2012,CBW05583-452047,Lemhi River,Lemhi,44.701595,-113.38312,2012-07-08T00:00:00Z,Steelhead,0.3296401515151515,0.025694198677904526
2012,CBW05583-484815,Lemhi River,Lemhi,44.700358,-113.372533,2012-07-08T00:00:00Z,Chinook,0.02088713605486519,0.001572113765591711
2012,CBW05583-484815,Lemhi River,Lemhi,44.700358,-113.372533,2012-07-08T00:00:00Z,Steelhead,0.697510571108971,0.05249958479734846
2012,CBW05583-053711,Lemhi River,Lemhi,44.735869,-113.450468,2012-07-09T00:00:00Z,Chinook,0.11938138632391393,0.010821102588607048
2012,CBW05583-053711,Lemhi River,Lemhi,44.735869,-113.450468,2012-07-09T00:00:00Z,Steelhead,0.6271770607549769,0.05684929221073344
2012,CBW05583-119215,Lemhi River,Lemhi,44.816227,-113.585132,2012-07-09T00:00:00Z,Chinook,0.2056910607498335,0.016284720227402513
2012,CBW05583-119215,Lemhi River,Lemhi,44.816227,-113.585132,2012-07-09T00:00:00Z,Steelhead,0.2657123888196119,0.021036655152188853
2012,CBW05583-132559,Eighteenmile Creek,Lemhi,44.682304,-113.352133,2012-07-09T00:00:00Z,Chinook,0,0
2012,CBW05583-132559,Eighteenmile Creek,Lemhi,44.682304,-113.352133,2012-07-09T00:00:00Z,Steelhead,0,0
2012,CBW05583-020943,Lemhi River,Lemhi,44.73389,-113.44444,2012-07-10T00:00:00Z,Chinook,0.8829529230865962,0.05534245663951187
2012,CBW05583-020943,Lemhi River,Lemhi,44.73389,-113.44444,2012-07-10T00:00:00Z,Steelhead,2.0791613299618623,0.13031940066263195
2012,CBW05583-058207,Agency Creek,Lemhi,44.974312,-113.520112,2012-07-10T00:00:00Z,Chinook,0,0
2012,CBW05583-058207,Agency Creek,Lemhi,44.974312,-113.520112,2012-07-10T00:00:00Z,Steelhead,0.13086009035000035,0.03619267492958574
2012,CBW05583-121695,Kenney Creek,Lemhi,45.040667,-113.621826,2012-07-10T00:00:00Z,Chinook,0,0
2012,CBW05583-121695,Kenney Creek,Lemhi,45.040667,-113.621826,2012-07-10T00:00:00Z,Steelhead,0.43125,0.12428166548238846
2012,CBW05583-428895,Agency Creek,Lemhi,44.941081,-113.559592,2012-07-10T00:00:00Z,Chinook,0,0
2012,CBW05583-428895,Agency Creek,Lemhi,44.941081,-113.559592,2012-07-10T00:00:00Z,Steelhead,0.05189699837566053,0.03153688836814643
2012,CBW05583-449375,Kenney Creek,Lemhi,45.03741,-113.626919,2012-07-10T00:00:00Z,Chinook,0,0
2012,CBW05583-449375,Kenney Creek,Lemhi,45.03741,-113.626919,2012-07-10T00:00:00Z,Steelhead,1.5833333333333333,0.4247584549567691
2012,CBW05583-009135,Hayden Creek,Lemhi,44.739351,-113.712177,2012-07-11T00:00:00Z,Chinook,0,0
2012,CBW05583-009135,Hayden Creek,Lemhi,44.739351,-113.712177,2012-07-11T00:00:00Z,Steelhead,0,0
2012,CBW05583-025519,Bear Valley Creek,Lemhi,44.77221,-113.70851,2012-07-11T00:00:00Z,Chinook,0,0
2012,CBW05583-025519,Bear Valley Creek,Lemhi,44.77221,-113.70851,2012-07-11T00:00:00Z,Steelhead,0.034208641441319874,0.00468191620792657
2012,CBW05583-080335,Big Timber Creek,Lemhi,44.588588,-113.397574,2012-07-11T00:00:00Z,Chinook,0,0
2012,CBW05583-080335,Big Timber Creek,Lemhi,44.588588,-113.397574,2012-07-11T00:00:00Z,Steelhead,0.24983244351834183,0.035946380408529766
2012,CBW05583-252767,Kenney Creek,Lemhi,45.04622,-113.612672,2012-07-11T00:00:00Z,Chinook,0,0
2012,CBW05583-252767,Kenney Creek,Lemhi,45.04622,-113.612672,2012-07-11T00:00:00Z,Steelhead,0.35833333333333334,0.08685882532124636
2012,CBW05583-289199,Lemhi River,Lemhi,44.769508,-113.515158,2012-07-11T00:00:00Z,Chinook,0.38534395768720614,0.055279718106017076
2012,CBW05583-289199,Lemhi River,Lemhi,44.769508,-113.515158,2012-07-11T00:00:00Z,Steelhead,0.9159723651162412,0.13140129260215125
2012,CBW05583-102239,Bohannon Creek,Lemhi,45.112979,-113.743608,2012-07-12T00:00:00Z,Chinook,0,0
2012,CBW05583-102239,Bohannon Creek,Lemhi,45.112979,-113.743608,2012-07-12T00:00:00Z,Steelhead,0.45,0.23228384052940068
2012,CBW05583-136031,Flume Creek,Lemhi,44.979693,-113.502729,2012-07-12T00:00:00Z,Chinook,0,0
2012,CBW05583-136031,Flume Creek,Lemhi,44.979693,-113.502729,2012-07-12T00:00:00Z,Steelhead,0.325,0.08333934338213492
2012,CBW05583-170447,Big Timber Creek,Lemhi,44.612611,-113.396322,2012-07-12T00:00:00Z,Chinook,0,0
2012,CBW05583-170447,Big Timber Creek,Lemhi,44.612611,-113.396322,2012-07-12T00:00:00Z,Steelhead,0.09492068170999776,0.016707524549103153
2012,CBW05583-237519,Big Timber Creek,Lemhi,44.51809,-113.44205,2012-07-12T00:00:00Z,Chinook,0,0
2012,CBW05583-237519,Big Timber Creek,Lemhi,44.51809,-113.44205,2012-07-12T00:00:00Z,Steelhead,0.10973804948552154,0.018910138217020752
2012,LEM00002-00001A,Little Springs Creek,Lemhi,44.7562,-113.49704,2012-07-12T00:00:00Z,Chinook,0,0
2012,LEM00002-00001A,Little Springs Creek,Lemhi,44.7562,-113.49704,2012-07-12T00:00:00Z,Steelhead,0,0
2012,LEM00002-00001D,Little Springs Creek,Lemhi,44.76329,-113.51358,2012-07-12T00:00:00Z,Chinook,0,0
2012,LEM00002-00001D,Little Springs Creek,Lemhi,44.76329,-113.51358,2012-07-12T00:00:00Z,Steelhead,0.01789219518835943,0.008715174481924767
2012,CBW05583-028079,Bear Valley Creek,Lemhi,44.78147,-113.74992,2012-07-16T00:00:00Z,Chinook,0,0
2012,CBW05583-028079,Bear Valley Creek,Lemhi,44.78147,-113.74992,2012-07-16T00:00:00Z,Steelhead,0,0
2012,CBW05583-362335,Kenney Creek,Lemhi,45.055783,-113.595298,2012-07-17T00:00:00Z,Chinook,0,0
2012,CBW05583-362335,Kenney Creek,Lemhi,45.055783,-113.595298,2012-07-17T00:00:00Z,Steelhead,0.052321152729172704,0.014594854146325088
2012,CBW05583-109999,Bear Valley Creek,Lemhi,44.785891,-113.763765,2012-07-18T00:00:00Z,Chinook,0,0
2012,CBW05583-109999,Bear Valley Creek,Lemhi,44.785891,-113.763765,2012-07-18T00:00:00Z,Steelhead,0,0
2012,CBW05583-107439,East Fork Hayden Creek,Lemhi,44.746668,-113.685688,2012-07-23T00:00:00Z,Chinook,0,NA
2012,CBW05583-107439,East Fork Hayden Creek,Lemhi,44.746668,-113.685688,2012-07-23T00:00:00Z,Steelhead,0,NA
2012,CBW05583-100191,Kenney Creek,Lemhi,45.06121,-113.585386,2012-07-24T00:00:00Z,Chinook,0,0
2012,CBW05583-100191,Kenney Creek,Lemhi,45.06121,-113.585386,2012-07-24T00:00:00Z,Steelhead,0.008137086472248345,0.0027692546274244822
2012,CBW05583-029103,Hayden Creek,Lemhi,44.850935,-113.646074,2012-07-25T00:00:00Z,Chinook,1.2861013940072206,0.14815493592100007
2012,CBW05583-029103,Hayden Creek,Lemhi,44.850935,-113.646074,2012-07-25T00:00:00Z,Steelhead,0.37623264660509737,0.0433408469261433
2012,CBW05583-048559,Hayden Creek,Lemhi,44.789109,-113.702766,2012-07-25T00:00:00Z,Chinook,0.0502644674920043,0.005147788032022769
2012,CBW05583-048559,Hayden Creek,Lemhi,44.789109,-113.702766,2012-07-25T00:00:00Z,Steelhead,0.058992708734323905,0.006041682626946465
2012,CBW05583-315823,Hayden Creek,Lemhi,44.822756,-113.678236,2012-07-26T00:00:00Z,Chinook,0.14848484848484847,0.013055795714845381
2012,CBW05583-315823,Hayden Creek,Lemhi,44.822756,-113.678236,2012-07-26T00:00:00Z,Steelhead,0.1388888888888889,0.012212053814906395
2012,CBW05583-009135,Hayden Creek,Lemhi,44.739351,-113.712177,2012-08-13T00:00:00Z,Chinook,0,0
2012,CBW05583-009135,Hayden Creek,Lemhi,44.739351,-113.712177,2012-08-13T00:00:00Z,Steelhead,0.019224537276602068,0.002988920371076457
2012,CBW05583-141151,Pattee Creek,Lemhi,45.022259,-113.558841,2012-08-15T00:00:00Z,Chinook,0,0
2012,CBW05583-141151,Pattee Creek,Lemhi,45.022259,-113.558841,2012-08-15T00:00:00Z,Steelhead,0.02196967671986868,0.007766517765262178
2012,CBW05583-258911,Pattee Creek,Lemhi,45.011465,-113.565211,2012-08-15T00:00:00Z,Chinook,0,0
2012,CBW05583-258911,Pattee Creek,Lemhi,45.011465,-113.565211,2012-08-15T00:00:00Z,Steelhead,0.5926876483057472,0.1527693136078222
2012,CBW05583-154063,Texas Creek,Lemhi,44.601115,-113.333812,2012-08-16T00:00:00Z,Chinook,0,0
2012,CBW05583-154063,Texas Creek,Lemhi,44.601115,-113.333812,2012-08-16T00:00:00Z,Steelhead,0,0
2012,CBW05583-193375,Pattee Creek,Lemhi,44.996083,-113.56564,2012-08-16T00:00:00Z,Chinook,0,0
2012,CBW05583-193375,Pattee Creek,Lemhi,44.996083,-113.56564,2012-08-16T00:00:00Z,Steelhead,1.0833333333333333,0.28172011366756466
2012,CBW05583-013151,Agency Creek,Lemhi,44.946272,-113.584525,2012-08-17T00:00:00Z,Chinook,0,0
2012,CBW05583-013151,Agency Creek,Lemhi,44.946272,-113.584525,2012-08-17T00:00:00Z,Steelhead,0.3421118323740231,0.08134508891284559
2012,CBW05583-068047,Reservoir Creek,Lemhi,44.681059,-113.156493,2012-08-17T00:00:00Z,Chinook,0,0
2012,CBW05583-068047,Reservoir Creek,Lemhi,44.681059,-113.156493,2012-08-17T00:00:00Z,Steelhead,0.5916666666666667,0.20021939533742608
2012,CBW05583-029535,Lemhi River,Lemhi,44.94307,-113.64129,2012-08-18T00:00:00Z,Chinook,0.153125,0.010142891398033222
2012,CBW05583-029535,Lemhi River,Lemhi,44.94307,-113.64129,2012-08-18T00:00:00Z,Steelhead,0.153125,0.010142891398033222
2012,CBW05583-084831,Agency Creek,Lemhi,44.95501,-113.550617,2012-08-19T00:00:00Z,Chinook,0,0
2012,CBW05583-084831,Agency Creek,Lemhi,44.95501,-113.550617,2012-08-19T00:00:00Z,Steelhead,0.5195164052267259,0.12375871708548315
2012,CBW05583-487263,Lemhi River,Lemhi,44.991578,-113.65249,2012-08-19T00:00:00Z,Chinook,NA,NA
2012,CBW05583-487263,Lemhi River,Lemhi,44.991578,-113.65249,2012-08-19T00:00:00Z,Steelhead,NA,NA
2012,CBW05583-413535,Lemhi River,Lemhi,45.11447,-113.762712,2012-08-20T00:00:00Z,Chinook,0.05,0.0027249812657537975
2012,CBW05583-413535,Lemhi River,Lemhi,45.11447,-113.762712,2012-08-20T00:00:00Z,Steelhead,0.18958333333333333,0.010332220632649816
2012,CBW05583-423775,Lemhi River,Lemhi,45.077314,-113.715765,2012-08-21T00:00:00Z,Chinook,0.115625,0.0077594613943936675
2012,CBW05583-423775,Lemhi River,Lemhi,45.077314,-113.715765,2012-08-21T00:00:00Z,Steelhead,0.134375,0.00901775243132237
2012,CBW05583-030559,Lemhi River,Lemhi,45.097718,-113.721143,2012-08-22T00:00:00Z,Chinook,NA,NA
2012,CBW05583-030559,Lemhi River,Lemhi,45.097718,-113.721143,2012-08-22T00:00:00Z,Steelhead,NA,NA
2012,CBW05583-100191,Kenney Creek,Lemhi,45.06121,-113.585386,2012-08-29T00:00:00Z,Chinook,0,0
2012,CBW05583-100191,Kenney Creek,Lemhi,45.06121,-113.585386,2012-08-29T00:00:00Z,Steelhead,0.05174454136844565,0.0176099653257012
2012,CBW05583-362335,Kenney Creek,Lemhi,45.055783,-113.595298,2012-08-29T00:00:00Z,Chinook,0,0
2012,CBW05583-362335,Kenney Creek,Lemhi,45.055783,-113.595298,2012-08-29T00:00:00Z,Steelhead,0.08328376191081589,0.02323179621323382
2012,CBW05583-048847,Cruikshank Creek,Lemhi,44.76067,-113.203339,2012-08-30T00:00:00Z,Chinook,0,0
2012,CBW05583-048847,Cruikshank Creek,Lemhi,44.76067,-113.203339,2012-08-30T00:00:00Z,Steelhead,0.38333333333333336,0.13576442157568186
2012,CBW05583-121695,Kenney Creek,Lemhi,45.040667,-113.621826,2012-08-30T00:00:00Z,Chinook,0,0
2012,CBW05583-121695,Kenney Creek,Lemhi,45.040667,-113.621826,2012-08-30T00:00:00Z,Steelhead,0.675,0.1945278242333037
2012,CBW05583-197071,Canyon Creek,Lemhi,44.759773,-113.258227,2012-08-30T00:00:00Z,Chinook,0,0
2012,CBW05583-197071,Canyon Creek,Lemhi,44.759773,-113.258227,2012-08-30T00:00:00Z,Steelhead,0.1844416267406725,0.0707313583904912
2012,CBW05583-229839,Canyon Creek,Lemhi,44.753561,-113.239364,2012-08-30T00:00:00Z,Chinook,0,0
2012,CBW05583-229839,Canyon Creek,Lemhi,44.753561,-113.239364,2012-08-30T00:00:00Z,Steelhead,0.10351951456412088,0.04059763933507755
2012,CBW05583-252767,Kenney Creek,Lemhi,45.04622,-113.612672,2012-08-30T00:00:00Z,Chinook,0,0
2012,CBW05583-252767,Kenney Creek,Lemhi,45.04622,-113.612672,2012-08-30T00:00:00Z,Steelhead,0.4911119962098765,0.11904393793105748
2012,CBW05583-063951,Canyon Creek,Lemhi,44.71641,-113.281967,2012-09-03T00:00:00Z,Chinook,0,0
2012,CBW05583-063951,Canyon Creek,Lemhi,44.71641,-113.281967,2012-09-03T00:00:00Z,Steelhead,0.21992378549512184,0.0638421426737758
2012,CBW05583-093023,Bohannon Creek,Lemhi,45.156209,-113.699501,2012-09-03T00:00:00Z,Chinook,0,0
2012,CBW05583-093023,Bohannon Creek,Lemhi,45.156209,-113.699501,2012-09-03T00:00:00Z,Steelhead,0.15574994227740627,0.04350999641557755
2012,CBW05583-240479,Bohannon Creek,Lemhi,45.141736,-113.71404,2012-09-03T00:00:00Z,Chinook,0,0
2012,CBW05583-240479,Bohannon Creek,Lemhi,45.141736,-113.71404,2012-09-03T00:00:00Z,Steelhead,1.1387557629175573,0.3154511283188779
2012,CBW05583-442831,Canyon Creek,Lemhi,44.739371,-113.27291,2012-09-03T00:00:00Z,Chinook,0,0
2012,CBW05583-442831,Canyon Creek,Lemhi,44.739371,-113.27291,2012-09-03T00:00:00Z,Steelhead,0.5642986813003699,0.17687527457935548
2012,CBW05583-001487,Big Timber Creek,Lemhi,44.662016,-113.376291,2012-09-04T00:00:00Z,Chinook,0.012478775941893328,0.0026741750370573806
2012,CBW05583-001487,Big Timber Creek,Lemhi,44.662016,-113.376291,2012-09-04T00:00:00Z,Steelhead,0.20589980304123992,0.04412388811144678
2012,CBW05583-080335,Big Timber Creek,Lemhi,44.588588,-113.397574,2012-09-04T00:00:00Z,Chinook,0,0
2012,CBW05583-080335,Big Timber Creek,Lemhi,44.588588,-113.397574,2012-09-04T00:00:00Z,Steelhead,0.24983244351834183,0.035946380408529766
2012,CBW05583-091599,Big Timber Creek,Lemhi,44.690468,-113.371966,2012-09-04T00:00:00Z,Chinook,0.053701823237034,0.014083140679480993
2012,CBW05583-091599,Big Timber Creek,Lemhi,44.690468,-113.371966,2012-09-04T00:00:00Z,Steelhead,0.5626439954601407,0.14755168563934337
2012,CBW05583-170447,Big Timber Creek,Lemhi,44.612611,-113.396322,2012-09-04T00:00:00Z,Chinook,0,0
2012,CBW05583-170447,Big Timber Creek,Lemhi,44.612611,-113.396322,2012-09-04T00:00:00Z,Steelhead,0.35772558260662035,0.06296529739959533
2012,CBW05583-237519,Big Timber Creek,Lemhi,44.51809,-113.44205,2012-09-05T00:00:00Z,Chinook,0,0
2012,CBW05583-237519,Big Timber Creek,Lemhi,44.51809,-113.44205,2012-09-05T00:00:00Z,Steelhead,0.05550959986623231,0.009565453466351818
2013,CBW05583-229839,Canyon Creek,Lemhi,44.753561,-113.239364,2013-06-24T00:00:00Z,Chinook,0,0
2013,CBW05583-229839,Canyon Creek,Lemhi,44.753561,-113.239364,2013-06-24T00:00:00Z,Steelhead,0.08832046905555871,0.035596366970066365
2013,LEM00001-Big0Springs-1,Big Springs Creek,Lemhi,44.7223,-113.4228,2013-09-04T00:00:00Z,Chinook,0,0
2013,LEM00001-Big0Springs-1,Big Springs Creek,Lemhi,44.7223,-113.4228,2013-09-04T00:00:00Z,Steelhead,0.9104027685230732,0.115116027831767
2013,LEM00001-Big0Springs-5,Big Springs Creek,Lemhi,44.7168,-113.41599,2013-09-04T00:00:00Z,Chinook,0.016659212015839368,0.0019378340124023674
2013,LEM00001-Big0Springs-5,Big Springs Creek,Lemhi,44.7168,-113.41599,2013-09-04T00:00:00Z,Steelhead,0.7577004364632518,0.08813728257942628
2013,CBW05583-143823,Big Eightmile Creek,Lemhi,44.67625,-113.492035,2013-10-02T00:00:00Z,Chinook,0,0
2013,CBW05583-143823,Big Eightmile Creek,Lemhi,44.67625,-113.492035,2013-10-02T00:00:00Z,Steelhead,0.7419779671655768,0.17954400832416129
2013,CBW05583-001487,Big Timber Creek,Lemhi,44.662016,-113.376291,2013-10-09T00:00:00Z,Chinook,0,0
2013,CBW05583-001487,Big Timber Creek,Lemhi,44.662016,-113.376291,2013-10-09T00:00:00Z,Steelhead,0.3627887683302868,0.07880484834140504
2013,CBW05583-064351,Kenney Creek,Lemhi,45.029179,-113.647942,2013-10-09T00:00:00Z,Chinook,0,0
2013,CBW05583-064351,Kenney Creek,Lemhi,45.029179,-113.647942,2013-10-09T00:00:00Z,Steelhead,1.5403222030357853,0.41463343549941245
2013,CBW05583-049615,Canyon Creek,Lemhi,44.732668,-113.276001,2013-10-11T00:00:00Z,Chinook,0,0
2013,CBW05583-049615,Canyon Creek,Lemhi,44.732668,-113.276001,2013-10-11T00:00:00Z,Steelhead,0.5894012985311028,0.17852022601101403
2013,LEM00001-Big0Springs-5,Big Springs Creek,Lemhi,44.7168,-113.41599,2013-10-12T00:00:00Z,Chinook,0,0
2013,LEM00001-Big0Springs-5,Big Springs Creek,Lemhi,44.7168,-113.41599,2013-10-12T00:00:00Z,Steelhead,0.37818940237656656,0.04399177382211317
2013,CBW05583-252767,Kenney Creek,Lemhi,45.04622,-113.612672,2013-10-13T00:00:00Z,Chinook,0,0
2013,CBW05583-252767,Kenney Creek,Lemhi,45.04622,-113.612672,2013-10-13T00:00:00Z,Steelhead,0.7957283293022016,0.19189740477949777
2014,LEM00002-00001B,Little Springs Creek,Lemhi,44.76329,-113.51358,2014-05-29T00:00:00Z,Steelhead,0.10886131069018071,0.016307574797792084
2014,LEM00002-00001D,Little Springs Creek,Lemhi,44.76974,-113.52119,2014-05-29T00:00:00Z,Steelhead,0.10886131069018071,0.04403995913637007
2014,CBW05583-020943,Lemhi River,Lemhi,44.73389,-113.44444,2014-06-03T00:00:00Z,Chinook,0.049270792274339774,0.002816455580193083
2014,CBW05583-020943,Lemhi River,Lemhi,44.73389,-113.44444,2014-06-03T00:00:00Z,Steelhead,1.1332282223098147,0.0647784783444409
2014,CBW05583-026031,Lemhi River,Lemhi,44.86753,-113.62424,2014-06-04T00:00:00Z,Steelhead,0.358974358974359,0.024754803669652093
2014,CBW05583-049615,Canyon Creek,Lemhi,44.732668,-113.276001,2014-06-13T00:00:00Z,Steelhead,0.6306306306306305,0.1902208997944493
2014,CBW05583-035679,Agency Creek,Lemhi,44.97132,-113.52751,2014-07-02T00:00:00Z,Steelhead,2.10727969348659,0.5931383517717804
2014,CBW05583-058207,Agency Creek,Lemhi,44.974312,-113.520112,2014-07-02T00:00:00Z,Steelhead,1.5325670498084292,0.31790269798734655
2014,CBW05583-080735,Pratt Creek,Lemhi,45.078962,-113.694312,2014-07-09T00:00:00Z,Steelhead,0.22241992882562275,0.09265727537822545
2014,CBW05583-102239,Bohannon Creek,Lemhi,45.112979,-113.743608,2014-07-09T00:00:00Z,Steelhead,1.0499557913351019,0.5592191150926378
2014,CBW05583-254415,Big Eightmile Creek,Lemhi,44.719311,-113.469588,2014-07-13T00:00:00Z,Steelhead,0.023395096387797118,0.007909277703235832
2014,CBW05583-078287,Big Eightmile Creek,Lemhi,44.701154,-113.478938,2014-07-14T00:00:00Z,Steelhead,1.1844331641285955,0.24870744917768528
2014,CBW05583-001487,Big Timber Creek,Lemhi,44.662016,-113.376291,2014-07-23T00:00:00Z,Steelhead,0.5670103092783505,0.15132120337889846
2014,CBW05583-091599,Big Timber Creek,Lemhi,44.690468,-113.371966,2014-07-24T00:00:00Z,Steelhead,1.0121457489878543,0.2654321606217756
2014,CBW05583-064351,Kenney Creek,Lemhi,45.029179,-113.647942,2014-07-30T00:00:00Z,Steelhead,0.7292173067574138,0.13359486104792417
2014,CBW05583-121695,Kenney Creek,Lemhi,45.040667,-113.621826,2014-07-31T00:00:00Z,Steelhead,0.7407407407407407,0.16010520513029108
2014,CBW05583-029535,Lemhi River,Lemhi,44.94307,-113.64129,2014-08-21T00:00:00Z,Chinook,0.10486577181208054,0.0069462343501117815
2014,CBW05583-029535,Lemhi River,Lemhi,44.94307,-113.64129,2014-08-21T00:00:00Z,Steelhead,1.0486577181208054,0.06946234350111781
2014,CBW05583-029103,Hayden Creek,Lemhi,44.850935,-113.646074,2014-09-17T00:00:00Z,Chinook,0.5165289256198348,0.04818010848497254
2014,CBW05583-029103,Hayden Creek,Lemhi,44.850935,-113.646074,2014-09-17T00:00:00Z,Steelhead,1.4853033145716072,0.1385441768692331
2014,CBW05583-048559,Hayden Creek,Lemhi,44.789109,-113.702766,2014-09-20T00:00:00Z,Chinook,0.041666666666666664,0.00448175294623716
2014,CBW05583-048559,Hayden Creek,Lemhi,44.789109,-113.702766,2014-09-20T00:00:00Z,Steelhead,0.3634681469733016,0.03909538652546294
2014,LEM00001-Big0Springs-4,Big Springs Creek,Lemhi,44.73389,-113.44444,2014-10-04T00:00:00Z,Chinook,0.11671335200746964,0.009213094003754845
2014,LEM00001-Big0Springs-4,Big Springs Creek,Lemhi,44.71085,-113.40722,2014-10-04T00:00:00Z,Steelhead,2.9055390702274977,0.22935683128932133
2014,LEM00001-Big0Springs-5,Big Springs Creek,Lemhi,44.7168,-113.41599,2014-10-04T00:00:00Z,Steelhead,1.4094955489614243,0.1293509643639422
2015,CBW05583-149967,Hawley Creek,Lemhi,44.66691667,-113.1908267,2015-05-17T00:00:00Z,Steelhead,0.7575757575757576,0.14674652534311025
2015,CBW05583-395727,Big Bear Creek,Lemhi,44.67427,-113.1539133,2015-05-18T00:00:00Z,Steelhead,0.06500260010400416,0.016316785697697195
2015,CBW05583-050639,Hawley Creek,Lemhi,44.670548,-113.272775,2015-05-21T00:00:00Z,Steelhead,0,0
2015,CBW05583-029135,Lemhi River,Lemhi,44.70700833,-113.3924983,2015-05-29T00:00:00Z,Chinook,5.036630036630036,0.5193553024878703
2015,CBW05583-029135,Lemhi River,Lemhi,44.70700833,-113.3924983,2015-05-29T00:00:00Z,Steelhead,0.12419274714356682,0.012806213934804554
2015,CBW05583-452047,Lemhi River,Lemhi,44.702432,-113.3833117,2015-05-29T00:00:00Z,Chinook,0.2747252747252747,0.0244513221123282
2015,CBW05583-452047,Lemhi River,Lemhi,44.702432,-113.3833117,2015-05-29T00:00:00Z,Steelhead,0.34773969200198707,0.03094981060219188
2015,CBW05583-020943,Lemhi River,Lemhi,44.732085,-113.4401433,2015-05-31T00:00:00Z,Chinook,4.245283018867925,0.2660893749270841
2015,CBW05583-020943,Lemhi River,Lemhi,44.732085,-113.4401433,2015-05-31T00:00:00Z,Steelhead,1.276440554339898,0.08000580119778605
2015,LEM00001-Little0Springs-6,Little Springs Creek,Lemhi,44.771077,-113.525177,2015-06-22T00:00:00Z,Steelhead,0.12935494998275268,0.018618561199264756
2015,LEM00001-Little0Springs-2,Little Springs Creek,Lemhi,44.760825,-113.506815,2015-06-23T00:00:00Z,Steelhead,0,0
2015,LEM00002-00001B,Little Springs Creek,Lemhi,44.76522,-113.516055,2015-06-23T00:00:00Z,Steelhead,0.35842293906810035,0.053692251646063824
2015,LEM00002-00001D,Little Springs Creek,Lemhi,44.76507,-113.51446,2015-06-23T00:00:00Z,Steelhead,0,0
2015,CBW05583-042447,Canyon Creek,Lemhi,44.696995,-113.33782,2015-06-25T00:00:00Z,Chinook,0.13333333333333333,0.04826777513612267
2015,CBW05583-042447,Canyon Creek,Lemhi,44.696995,-113.33782,2015-06-25T00:00:00Z,Steelhead,0.6127450980392157,0.22181881955938726
2015,CBW05583-049615,Canyon Creek,Lemhi,44.733625,-113.276455,2015-06-27T00:00:00Z,Steelhead,1.8081002892960463,0.45519923347896457
2015,CBW05583-080735,Pratt Creek,Lemhi,45.07881,-113.69426,2015-06-30T00:00:00Z,Steelhead,0.11502185415228894,0.04770447679609406
2015,CBW05583-240479,Bohannon Creek,Lemhi,45.139187,-113.7157933,2015-07-06T00:00:00Z,Steelhead,0.33579583613163194,0.10063142742214387
2015,CBW05583-093023,East Fork Bohannon Creek,Lemhi,45.159223,-113.6928183,2015-07-07T00:00:00Z,Steelhead,0.06430041152263374,0.017962836030378442
2015,CBW05583-207711,East Fork Bohannon Creek,Lemhi,45.165618,-113.679595,2015-07-07T00:00:00Z,Steelhead,0.1286008230452675,0.037773804517485327
2015,CBW05583-019295,Agency Creek,Lemhi,44.96030167,-113.5425917,2015-07-08T00:00:00Z,Steelhead,1.1066843736166445,0.1593963163164453
2015,CBW05583-035679,Agency Creek,Lemhi,44.97215167,-113.5266583,2015-07-09T00:00:00Z,Steelhead,0.14613473622680112,0.040190242562873735
2015,CBW05583-102239,Bohannon Creek,Lemhi,45.112002,-113.747095,2015-07-09T00:00:00Z,Chinook,0.11193194537721066,0.05777773811143464
2015,CBW05583-102239,Bohannon Creek,Lemhi,45.112002,-113.747095,2015-07-09T00:00:00Z,Steelhead,1.2872173718379225,0.6644439882814983
2015,CBW05583-058207,Agency Creek,Lemhi,44.973775,-113.52149,2015-07-13T00:00:00Z,Steelhead,0.6210726289639047,0.12883003351690198
2015,CBW05583-453039,Lee Creek,Lemhi,44.739438,-113.482425,2015-07-14T00:00:00Z,Chinook,0.6998600279944012,0.25528823127334255
2015,CBW05583-453039,Lee Creek,Lemhi,44.739438,-113.482425,2015-07-14T00:00:00Z,Steelhead,0.06956037840845855,0.025373567942562722
2015,CBW05583-250319,Big Eightmile Creek,Lemhi,44.737225,-113.4632283,2015-07-22T00:00:00Z,Chinook,0.5373867649316751,0.1522798302697409
2015,CBW05583-250319,Big Eightmile Creek,Lemhi,44.737225,-113.4632283,2015-07-22T00:00:00Z,Steelhead,0.33003300330033003,0.09352178543581542
2015,CBW05583-254415,Big Eightmile Creek,Lemhi,44.718773,-113.4704333,2015-07-23T00:00:00Z,Steelhead,0.03333333333333333,0.010639050528574627
2015,CBW05583-078287,Big Eightmile Creek,Lemhi,44.698207,-113.48121,2015-07-24T00:00:00Z,Steelhead,0.9518370454978108,0.19986688214083384
2015,CBW05583-143823,Big Eightmile Creek,Lemhi,44.6759,-113.49265,2015-07-27T00:00:00Z,Steelhead,0.7936507936507937,0.16836585220327557
2015,CBW05583-001487,Big Timber Creek,Lemhi,44.664948,-113.3761633,2015-08-05T00:00:00Z,Steelhead,0.2780867630700779,0.07078154025012395
2015,CBW05583-091599,Big Timber Creek,Lemhi,44.690653,-113.3705133,2015-08-06T00:00:00Z,Chinook,2.9342723004694835,0.769504033727448
2015,CBW05583-091599,Big Timber Creek,Lemhi,44.690653,-113.3705133,2015-08-06T00:00:00Z,Steelhead,1.4671361502347418,0.384752016863724
2015,CBW05583-080335,Big Timber Creek,Lemhi,44.58777167,-113.396635,2015-08-07T00:00:00Z,Steelhead,0.2666119770303528,0.03492944883129202
2015,CBW05583-029535,Lemhi River,Lemhi,44.94363167,-113.6409333,2015-08-20T00:00:00Z,Steelhead,0.30476369092273065,0.02018733073693401
2015,CBW05583-038111,Lemhi River,Lemhi,45.139523,-113.8061133,2015-08-25T00:00:00Z,Chinook,0.21751740139211137,0.018335492879331824
2015,CBW05583-038111,Lemhi River,Lemhi,45.139523,-113.8061133,2015-08-25T00:00:00Z,Steelhead,0.7994732881866065,0.06739109923594898
2015,CBW05583-272431,Lee Creek,Lemhi,44.673455,-113.5569617,2015-09-07T00:00:00Z,Chinook,0,0
2015,CBW05583-272431,Lee Creek,Lemhi,44.673455,-113.5569617,2015-09-07T00:00:00Z,Steelhead,0,0
2015,CBW05583-048559,Hayden Creek,Lemhi,44.78753167,-113.704045,2015-09-16T00:00:00Z,Chinook,0.0610948191593353,0.0066707050047452605
2015,CBW05583-048559,Hayden Creek,Lemhi,44.78753167,-113.704045,2015-09-16T00:00:00Z,Steelhead,0.12993762993762994,0.014187382993460293
2015,LEM00001-Big0Springs-1,Big Springs Creek,Lemhi,44.722428,-113.4245133,2015-09-30T00:00:00Z,Chinook,0.38693035253654345,0.04463757255909583
2015,LEM00001-Big0Springs-1,Big Springs Creek,Lemhi,44.722428,-113.4245133,2015-09-30T00:00:00Z,Steelhead,3.1435349940688018,0.36264865361409093
2015,LEM00001-Big0Springs-5,Big Springs Creek,Lemhi,44.71559,-113.414525,2015-09-30T00:00:00Z,Chinook,0.1289767841788478,0.013855956359723238
2015,LEM00001-Big0Springs-5,Big Springs Creek,Lemhi,44.71559,-113.414525,2015-09-30T00:00:00Z,Steelhead,0.9489916963226572,0.10195003398249508
2015,LEM00001-Big0Springs-6,Big Springs Creek,Lemhi,44.72328333,-113.4339,2015-09-30T00:00:00Z,Chinook,0.10748065348237316,0.008494472712289623
2015,LEM00001-Big0Springs-6,Big Springs Creek,Lemhi,44.72328333,-113.4339,2015-09-30T00:00:00Z,Steelhead,3.113879003558719,0.246097873134341
2015,LEM00001-Big0Springs-4,Big Springs Creek,Lemhi,44.70951,-113.407495,2015-10-02T00:00:00Z,Chinook,0.2687016337059329,0.026692922366082502
2015,LEM00001-Big0Springs-4,Big Springs Creek,Lemhi,44.70951,-113.407495,2015-10-02T00:00:00Z,Steelhead,3.9294187425860025,0.3903499505867045
2015,CBW05583-121695,Kenney Creek,Lemhi,45.041247,-113.62135,2015-10-04T00:00:00Z,Steelhead,1.2366498032602586,0.26729199507417906
2015,CBW05583-064351,Kenney Creek,Lemhi,45.032672,-113.6426983,2015-10-05T00:00:00Z,Steelhead,0.7212168895882507,0.14291359077442592
2015,CBW05583-362335,Kenney Creek,Lemhi,45.054938,-113.59717,2015-10-06T00:00:00Z,Steelhead,0.1405283867341203,0.029687423258010874
2015,CBW05583-449375,Kenney Creek,Lemhi,45.0385,-113.6264033,2015-10-06T00:00:00Z,Steelhead,0.30916245081506466,0.08293854627717157
2016,CBW05583-149967,Hawley Creek,Lemhi,44.66645488,-113.192315,2016-05-14T00:00:00Z,Steelhead,0.7550335570469799,0.15067253228882374
2016,CBW05583-395727,Hawley Creek,Lemhi,44.67507148,-113.1549666,2016-05-15T00:00:00Z,Steelhead,0.27472527472527475,0.06975477196057109
2016,CBW05583-050639,Hawley Creek,Lemhi,44.67094939,-113.2734905,2016-05-17T00:00:00Z,Chinook,0,0
2016,CBW05583-050639,Hawley Creek,Lemhi,44.67094939,-113.2734905,2016-05-17T00:00:00Z,Steelhead,0,0
2016,CBW05583-029135,Lemhi River,Lemhi,44.70861711,-113.3920654,2016-05-26T00:00:00Z,Chinook,6.752411575562701,0.592844943912442
2016,CBW05583-029135,Lemhi River,Lemhi,44.70861711,-113.3920654,2016-05-26T00:00:00Z,Steelhead,1.5517241379310343,0.13623752036214493
2016,CBW05583-452047,Lemhi River,Lemhi,44.70118382,-113.3829234,2016-05-26T00:00:00Z,Chinook,0.4019292604501608,0.029462740729725358
2016,CBW05583-452047,Lemhi River,Lemhi,44.70118382,-113.3829234,2016-05-26T00:00:00Z,Steelhead,0.2088830255057168,0.01531181486120907
2016,CBW05583-020943,Lemhi River,Lemhi,44.73386313,-113.4444579,2016-05-29T00:00:00Z,Chinook,3.3106657122405156,0.2075086551467478
2016,CBW05583-020943,Lemhi River,Lemhi,44.73386313,-113.4444579,2016-05-29T00:00:00Z,Steelhead,0.9251810136765888,0.05798926397356137
2016,CBW05583-026031,Lemhi River,Lemhi,44.86752081,-113.624283,2016-06-01T00:00:00Z,Chinook,0.22583559168925021,0.013971882989413539
2016,CBW05583-026031,Lemhi River,Lemhi,44.86752081,-113.624283,2016-06-01T00:00:00Z,Steelhead,0.060261707988980714,0.0037282410910800794
2016,LEM00001-Little0Springs-2,Little Springs Creek,Lemhi,44.76134847,-113.5077207,2016-06-20T00:00:00Z,Chinook,0,0
2016,LEM00001-Little0Springs-2,Little Springs Creek,Lemhi,44.76134847,-113.5077207,2016-06-20T00:00:00Z,Steelhead,0,0
2016,LEM00001-Little0Springs-6,Little Springs Creek,Lemhi,44.77113504,-113.5251799,2016-06-20T00:00:00Z,Steelhead,0.1154353562005277,0.016391651295696176
2016,LEM00002-00001B,Little Springs Creek,Lemhi,44.76640756,-113.5158881,2016-06-21T00:00:00Z,Steelhead,0.19257703081232494,0.03846440716661295
2016,LEM00002-00001D,Little Springs Creek,Lemhi,44.76326872,-113.5137174,2016-06-21T00:00:00Z,Chinook,0,0
2016,LEM00002-00001D,Little Springs Creek,Lemhi,44.76326872,-113.5137174,2016-06-21T00:00:00Z,Steelhead,0,0
2016,CBW05583-042447,Canyon Creek,Lemhi,44.69709604,-113.3377854,2016-06-22T00:00:00Z,Chinook,0.057273768613974804,0.023505227857960036
2016,CBW05583-042447,Canyon Creek,Lemhi,44.69709604,-113.3377854,2016-06-22T00:00:00Z,Steelhead,0.2004581901489118,0.08226829750286012
2016,CBW05583-049615,Canyon Creek,Lemhi,44.73313603,-113.2758132,2016-06-24T00:00:00Z,Steelhead,0.7990867579908676,0.20749877080692442
2016,CBW05583-229839,Canyon Creek,Lemhi,44.75339262,-113.238025,2016-06-25T00:00:00Z,Steelhead,0.20964360587002095,0.08303996921110453
2016,CBW05583-080735,Pratt Creek,Lemhi,45.07904839,-113.6932635,2016-06-27T00:00:00Z,Steelhead,0.26455026455026454,0.10972029663101635
2016,CBW05583-355167,Pratt Creek,Lemhi,45.09049918,-113.662642,2016-06-28T00:00:00Z,Steelhead,0.23148148148148148,0.08381189927821192
2016,CBW05583-453039,Lee Creek,Lemhi,44.73936646,-113.4830114,2016-07-06T00:00:00Z,Chinook,0.31123560535325245,0.08248448268660144
2016,CBW05583-453039,Lee Creek,Lemhi,44.73936646,-113.4830114,2016-07-06T00:00:00Z,Steelhead,0.05473453749315818,0.014505891782816114
2016,CBW05583-019295,Agency Creek,Lemhi,44.96003217,-113.543499,2016-07-08T00:00:00Z,Steelhead,0.32608695652173914,0.06339002076329564
2016,CBW05583-035679,Agency Creek,Lemhi,44.97163843,-113.5272091,2016-07-08T00:00:00Z,Steelhead,1.0144927536231885,0.3080048446082008
2016,CBW05583-058207,Agency Creek,Lemhi,44.97404944,-113.5228128,2016-07-09T00:00:00Z,Steelhead,1.1956521739130435,0.3306879151890115
2016,CBW05583-102239,Bohannon Creek,Lemhi,45.1133805,-113.744155,2016-07-11T00:00:00Z,Steelhead,0.5162241887905604,0.26646786032543507
2016,CBW05583-240479,Bohannon Creek,Lemhi,45.14092244,-113.7142766,2016-07-12T00:00:00Z,Steelhead,1.0683760683760684,0.3119175427260751
2016,CBW05583-440159,Wimpey Creek,Lemhi,45.10033721,-113.712987,2016-07-12T00:00:00Z,Chinook,0.02401536983669549,0.005340516389114615
2016,CBW05583-440159,Wimpey Creek,Lemhi,45.10033721,-113.712987,2016-07-12T00:00:00Z,Steelhead,1.1527377521613833,0.2563447866775015
2016,CBW05583-093023,Bohannon Creek,Lemhi,45.15625205,-113.6995341,2016-07-13T00:00:00Z,Steelhead,0.5813953488372092,0.15830720543266424
2016,CBW05583-250319,Big Eightmile Creek,Lemhi,44.73789721,-113.46154,2016-07-20T00:00:00Z,Chinook,0.03333333333333333,0.00983275225864465
2016,CBW05583-250319,Big Eightmile Creek,Lemhi,44.73789721,-113.46154,2016-07-20T00:00:00Z,Steelhead,0.09384384384384384,0.02768229802546354
2016,CBW05583-254415,Big Eightmile Creek,Lemhi,44.71876971,-113.4705768,2016-07-21T00:00:00Z,Chinook,0,0
2016,CBW05583-254415,Big Eightmile Creek,Lemhi,44.71876971,-113.4705768,2016-07-21T00:00:00Z,Steelhead,0,0
2016,CBW05583-078287,Big Eightmile Creek,Lemhi,44.69915402,-113.4809124,2016-07-22T00:00:00Z,Steelhead,1.540880503144654,0.32355431360002646
2016,CBW05583-143823,Big Eightmile Creek,Lemhi,44.67537595,-113.4934096,2016-07-23T00:00:00Z,Steelhead,1.608649789029536,0.3258255441679047
2016,CBW05583-064351,Kenney Creek,Lemhi,45.03282128,-113.6423052,2016-07-25T00:00:00Z,Steelhead,0.33783783783783783,0.08252391266533934
2016,CBW05583-121695,Kenney Creek,Lemhi,45.04022424,-113.6226995,2016-07-26T00:00:00Z,Steelhead,0.1708984375,0.04925111290629072
2016,CBW05583-449375,Kenney Creek,Lemhi,45.03769149,-113.6275226,2016-07-26T00:00:00Z,Steelhead,0.390625,0.09327487643441836
2016,CBW05583-362335,Kenney Creek,Lemhi,45.05362534,-113.598878,2016-08-02T00:00:00Z,Steelhead,0.0244140625,0.00699937930624213
2016,CBW05583-080335,Big Timber Creek,Lemhi,44.58939822,-113.3976491,2016-08-05T00:00:00Z,Steelhead,0.42857142857142855,0.057380534969438554
2016,CBW05583-001487,Big Timber Creek,Lemhi,44.66447094,-113.3760948,2016-08-08T00:00:00Z,Steelhead,0.16571969696969696,0.03826721652677025
2016,CBW05583-091599,Big Timber Creek,Lemhi,44.69212454,-113.3714205,2016-08-08T00:00:00Z,Chinook,0.1524390243902439,0.03997667297169425
2016,CBW05583-428895,Agency Creek,Lemhi,44.94008354,-113.5583721,2016-08-10T00:00:00Z,Steelhead,0.21645021645021645,0.13156848161505785
2016,CBW05583-029535,Lemhi River,Lemhi,44.94352999,-113.6408017,2016-08-17T00:00:00Z,Chinook,1.1737089201877935,0.07774564643505393
2016,CBW05583-029535,Lemhi River,Lemhi,44.94352999,-113.6408017,2016-08-17T00:00:00Z,Steelhead,1.7857142857142858,0.1182844477904749
2016,CBW05583-413535,Lemhi River,Lemhi,45.1143623,-113.7623567,2016-08-19T00:00:00Z,Chinook,0.11612783351913786,0.006212336825841506
2016,CBW05583-413535,Lemhi River,Lemhi,45.1143623,-113.7623567,2016-08-19T00:00:00Z,Steelhead,0.9023354564755839,0.04827104420751956
2016,LEM00001-Big0Springs-1,Big Springs Creek,Lemhi,44.72122593,-113.421614,2016-09-04T00:00:00Z,Chinook,0.36488740617180987,0.04610375659273115
2016,LEM00001-Big0Springs-1,Big Springs Creek,Lemhi,44.72122593,-113.421614,2016-09-04T00:00:00Z,Steelhead,1.5566625155666254,0.19668530209814858
2016,LEM00001-Big0Springs-6,Big Springs Creek,Lemhi,44.72622723,-113.4319376,2016-09-04T00:00:00Z,Chinook,0.05733944954128441,0.005722304213724067
2016,LEM00001-Big0Springs-6,Big Springs Creek,Lemhi,44.72622723,-113.4319376,2016-09-04T00:00:00Z,Steelhead,1.36986301369863,0.13670819929773662
2016,LEM00001-Big0Springs-4,Big Springs Creek,Lemhi,44.71087141,-113.4085448,2016-09-05T00:00:00Z,Chinook,0.33333333333333337,0.03156048934673992
2016,LEM00001-Big0Springs-4,Big Springs Creek,Lemhi,44.71087141,-113.4085448,2016-09-05T00:00:00Z,Steelhead,2.614795918367347,0.247572716176595
2016,LEM00001-Big0Springs-5,Big Springs Creek,Lemhi,44.71562135,-113.4146507,2016-09-05T00:00:00Z,Chinook,0.10256410256410257,0.01138901250712881
2016,LEM00001-Big0Springs-5,Big Springs Creek,Lemhi,44.71562135,-113.4146507,2016-09-05T00:00:00Z,Steelhead,2.232142857142857,0.2478635534475578
2016,CBW05583-048559,Hayden Creek,Lemhi,44.78817461,-113.7035592,2016-09-15T00:00:00Z,Chinook,1.063264221158958,0.12022899698147649
2016,CBW05583-048559,Hayden Creek,Lemhi,44.78817461,-113.7035592,2016-09-15T00:00:00Z,Steelhead,0.23849607182940516,0.026968031961817296
2016,CBW05583-029103,Hayden Creek,Lemhi,44.85150245,-113.6454358,2016-09-17T00:00:00Z,Chinook,0.143184421534937,0.014234527242975154
2016,CBW05583-029103,Hayden Creek,Lemhi,44.85150245,-113.6454358,2016-09-17T00:00:00Z,Steelhead,0.21929824561403508,0.021801302251082996
2016,CBW05583-045487,Hayden Creek,Lemhi,44.86364897,-113.6305624,2016-09-17T00:00:00Z,Chinook,1.8409425625920468,0.1510462575650457
2016,CBW05583-045487,Hayden Creek,Lemhi,44.86364897,-113.6305624,2016-09-17T00:00:00Z,Steelhead,0.9935553168635876,0.08151955163924046
2017,CBW05583-050639,Hawley Creek,Lemhi,44.67094939,-113.2734905,2017-05-26T00:00:00Z,Chinook,0,0
2017,CBW05583-050639,Hawley Creek,Lemhi,44.67094939,-113.2734905,2017-05-26T00:00:00Z,Steelhead,0,0
2017,CBW05583-149967,Hawley Creek,Lemhi,44.66645488,-113.192315,2017-05-26T00:00:00Z,Steelhead,0.47246287192097736,0.0942834615234915
2017,CBW05583-395727,Big Bear Creek,Lemhi,44.67507148,-113.1549666,2017-05-28T00:00:00Z,Steelhead,0.17166666638513334,0.04309132561409271
2017,CBW05583-068047,Reservoir Creek,Lemhi,44.681032,-113.155906,2017-05-31T00:00:00Z,Steelhead,0.08157894734265929,0.03300765718042508
2017,LEM00001-Big0Springs-6,Big Springs Creek,Lemhi,44.72698538,-113.4326892,2017-06-07T00:00:00Z,Steelhead,0.0571999999428,0.005708387564167903
2017,LEM00001-Big0Springs-1,Big Springs Creek,Lemhi,44.72241776,-113.4231411,2017-06-08T00:00:00Z,Steelhead,0.0285999999714,0.0032993911321364615
2017,LEM00001-Big0Springs-4,Big Springs Creek,Lemhi,44.71075102,-113.4087039,2017-06-08T00:00:00Z,Steelhead,0.06987577654941939,0.006849590213802665
2017,LEM00001-Big0Springs-5,Big Springs Creek,Lemhi,44.71685299,-113.4160024,2017-06-08T00:00:00Z,Steelhead,0.13199999986799998,0.015189082150442988
2017,CBW05583-042447,Canyon Creek,Lemhi,44.69645235,-113.3388828,2017-06-11T00:00:00Z,Steelhead,0.569417473511297,0.2336896590723243
2017,CBW05583-049615,Canyon Creek,Lemhi,44.73244844,-113.2755336,2017-06-11T00:00:00Z,Steelhead,0.23980099481370756,0.06283988175347112
2017,CBW05583-229839,Cruikshank Creek,Lemhi,44.75398999,-113.2392357,2017-06-12T00:00:00Z,Steelhead,0.17927350587777233,0.07030636846207966
2017,LEM00002-00001B,Little Springs Creek,Lemhi,44.76640756,-113.5158881,2017-06-21T00:00:00Z,Steelhead,0.16944444399259262,0.03314057057242192
2017,CBW05583-453039,Lee Creek,Lemhi,44.73936646,-113.4830114,2017-06-22T00:00:00Z,Steelhead,0.09268292703723975,0.03380798954953672
2017,LEM00001-Little0Springs-2,Little Springs Creek,Lemhi,44.76134847,-113.5077207,2017-06-22T00:00:00Z,Steelhead,0.056481481330864204,0.014995543026492527
2017,LEM00002-00001D,Little Springs Creek,Lemhi,44.76326872,-113.5137174,2017-06-22T00:00:00Z,Steelhead,0.05898345159102493,0.02573280613878888
2017,LEM00001-Little0Springs-6,Little Springs Creek,Lemhi,44.77113504,-113.5251799,2017-06-23T00:00:00Z,Steelhead,0.11059397173317176,0.015918220611258877
2017,CBW05583-078287,Big Eightmile Creek,Lemhi,44.69914475,-113.4809246,2017-06-24T00:00:00Z,Steelhead,0.4232456134113573,0.06928947147828468
2017,CBW05583-250319,Big Eightmile Creek,Lemhi,44.73826158,-113.4625912,2017-06-26T00:00:00Z,Steelhead,0.41067961159466493,0.12114332635460247
2017,CBW05583-029135,Lemhi River,Lemhi,44.70861711,-113.3920654,2017-07-05T00:00:00Z,Chinook,0.7268656613571843,0.06381699744113571
2017,CBW05583-029135,Lemhi River,Lemhi,44.70861711,-113.3920654,2017-07-05T00:00:00Z,Steelhead,1.2435147383210619,0.10917750155548103
2017,CBW05583-452047,Lemhi River,Lemhi,44.70118382,-113.3829234,2017-07-05T00:00:00Z,Chinook,0.6057213844643203,0.04721368293378629
2017,CBW05583-452047,Lemhi River,Lemhi,44.70118382,-113.3829234,2017-07-05T00:00:00Z,Steelhead,0.8218631891202419,0.06406111625131046
2017,CBW05583-064351,Kenney Creek,Lemhi,45.03282128,-113.6423052,2017-07-19T00:00:00Z,Steelhead,0.4752210614324729,0.11608262005633442
2017,CBW05583-121695,Kenney Creek,Lemhi,45.04022424,-113.6226995,2017-07-20T00:00:00Z,Steelhead,0.3799231839224343,0.11195323944105158
2017,CBW05583-362335,Kenney Creek,Lemhi,45.05362534,-113.598878,2017-07-20T00:00:00Z,Steelhead,0.21106843551246351,0.060512175707211305
2017,CBW05583-449375,Kenney Creek,Lemhi,45.03769149,-113.6275226,2017-07-20T00:00:00Z,Steelhead,1.2382681550064525,0.3321883379006589
2017,CBW05583-093023,East Fork Bohannon Creek,Lemhi,45.15536382,-113.7005481,2017-07-23T00:00:00Z,Steelhead,0.40185185274485596,0.11226054030492097
2017,CBW05583-102239,Bohannon Creek,Lemhi,45.11286606,-113.7449566,2017-07-23T00:00:00Z,Steelhead,1.3426186299007496,0.6930413593770405
2017,CBW05583-207711,East Fork Bohannon Creek,Lemhi,45.16423752,-113.6823645,2017-07-23T00:00:00Z,Steelhead,0.11481481506995884,0.035339659951976125
2017,CBW05583-240479,Bohannon Creek,Lemhi,45.14095124,-113.7142017,2017-07-24T00:00:00Z,Steelhead,0.5192499994547874,0.15159754012146415
2017,CBW05583-001487,Big Timber Creek,Lemhi,44.66447094,-113.3760948,2017-08-02T00:00:00Z,Steelhead,0.2803571426498199,0.05902849803167186
2017,CBW05583-080335,Big Timber Creek,Lemhi,44.58939822,-113.3976491,2017-08-04T00:00:00Z,Steelhead,0.3846082940163231,0.051494402550126044
2017,CBW05583-091599,Big Timber Creek,Lemhi,44.69212454,-113.3714205,2017-08-07T00:00:00Z,Steelhead,0.5097826110561673,0.12061298377076417
2017,CBW05583-029535,Lemhi River,Lemhi,44.94352999,-113.6408017,2017-08-16T00:00:00Z,Steelhead,0.40892857262614796,0.024148255447979453
2017,CBW05583-413535,Lemhi River,Lemhi,45.1143623,-113.7623567,2017-08-18T00:00:00Z,Chinook,0.03181818180661157,0.0017340789866672967
2017,CBW05583-413535,Lemhi River,Lemhi,45.1143623,-113.7623567,2017-08-18T00:00:00Z,Steelhead,1.1760732351297707,0.06409555065766172
2017,CBW05583-038111,Lemhi River,Lemhi,45.13898027,-113.805836,2017-08-22T00:00:00Z,Steelhead,0.4193898318306188,0.029555933658260487
2017,CBW05583-440159,Wimpey Creek,Lemhi,45.10033721,-113.712987,2017-09-02T00:00:00Z,Steelhead,2.223871733702628,0.45718564154927055
2017,LEMW01-000018,Wimpey Creek,Lemhi,45.10257137,-113.7087586,2017-09-02T00:00:00Z,Chinook,0.30630153098265406,0.0814210550613191
2017,LEMW01-000018,Wimpey Creek,Lemhi,45.10257137,-113.7087586,2017-09-02T00:00:00Z,Steelhead,1.5096289741287952,0.40128948565935846
2017,LEMW01-000015,Wimpey Creek,Lemhi,45.10461536,-113.7045717,2017-09-03T00:00:00Z,Chinook,0.021878680784475295,0.003783204926499342
2017,LEMW01-000015,Wimpey Creek,Lemhi,45.10461536,-113.7045717,2017-09-03T00:00:00Z,Steelhead,1.6190223780511717,0.2799571645609513
2017,CBW05583-048559,Hayden Creek,Lemhi,44.78817461,-113.7035592,2017-09-15T00:00:00Z,Chinook,0.011011904772916666,0.0012233863593287362
2017,CBW05583-048559,Hayden Creek,Lemhi,44.78817461,-113.7035592,2017-09-15T00:00:00Z,Steelhead,0.15121359220511593,0.016799332164932887
2017,CBW05583-029103,Hayden Creek,Lemhi,44.85150245,-113.6454358,2017-09-19T00:00:00Z,Chinook,0.5073390160335932,0.052209019593711686
2017,CBW05583-029103,Hayden Creek,Lemhi,44.85150245,-113.6454358,2017-09-19T00:00:00Z,Steelhead,1.5407051251163106,0.15855020316435364
2017,CBW05583-045487,Hayden Creek,Lemhi,44.86364897,-113.6305624,2017-09-19T00:00:00Z,Chinook,0.7537608238213386,0.05953134251121338
2017,CBW05583-045487,Hayden Creek,Lemhi,44.86364897,-113.6305624,2017-09-19T00:00:00Z,Steelhead,1.1830414353571672,0.09343553374949393
2018,CBW05583-050639,Hawley Creek,Lemhi,44.67130667,-113.2739533,2018-05-24T00:00:00Z,Steelhead,0.02977053141132115,0.005525845005565403
2018,CBW05583-395727,Big Bear Creek,Lemhi,44.67499833,-113.1549117,2018-05-24T00:00:00Z,Steelhead,0.16091954034086403,0.04039360964196377
2018,CBW05583-149967,Hawley Creek,Lemhi,44.666444,-113.192261,2018-05-28T00:00:00Z,Steelhead,0.6294458230566861,0.12561057083277768
2018,LEM00001-Big0Springs-1,Big Springs Creek,Lemhi,44.72241776,-113.4231411,2018-06-06T00:00:00Z,Steelhead,0.018150252496892755,0.002303260853621939
2018,LEM00001-Big0Springs-5,Big Springs Creek,Lemhi,44.71685299,-113.4160024,2018-06-06T00:00:00Z,Steelhead,0.04607371787672777,0.0053016476250437065
2018,LEM00001-Big0Springs-6,Big Springs Creek,Lemhi,44.72698538,-113.4326892,2018-06-06T00:00:00Z,Steelhead,0.059895833239746094,0.005977423600579541
2018,LEM00001-Little0Springs-6,Little Springs Creek,Lemhi,44.77116,-113.52528,2018-06-06T00:00:00Z,Chinook,0.013194444431249999,0.0018991277192429129
2018,LEM00001-Little0Springs-6,Little Springs Creek,Lemhi,44.77116,-113.52528,2018-06-06T00:00:00Z,Steelhead,0.09914383560828954,0.014270157972686048
2018,LEM00001-Big0Springs-4,Big Springs Creek,Lemhi,44.71075102,-113.4087039,2018-06-07T00:00:00Z,Steelhead,0.24590163918301533,0.023282328191344313
2018,LEM00001-Little0Springs-2,Little Springs Creek,Lemhi,44.76106,-113.50758,2018-06-07T00:00:00Z,Steelhead,0.015315315316971025,0.004066137508940314
2018,LEM00002-00001B,Little Springs Creek,Lemhi,44.76640756,-113.5158881,2018-06-07T00:00:00Z,Steelhead,0.11486486487728269,0.022942554016649713
2018,LEM00002-00001D,Little Springs Creek,Lemhi,44.76326872,-113.5137174,2018-06-07T00:00:00Z,Chinook,0,0
2018,LEM00002-00001D,Little Springs Creek,Lemhi,44.76326872,-113.5137174,2018-06-07T00:00:00Z,Steelhead,0,0
2018,CBW05583-250319,Big Eightmile Creek,Lemhi,44.738275,-113.4624483,2018-06-12T00:00:00Z,Steelhead,0.26067708307265625,0.07689519532078679
2018,CBW05583-452047,Lemhi River,Lemhi,44.70136303,-113.3826591,2018-06-20T00:00:00Z,Chinook,0.15691056996295855,0.012230583382395343
2018,CBW05583-452047,Lemhi River,Lemhi,44.70136303,-113.3826591,2018-06-20T00:00:00Z,Steelhead,0.3164225935928227,0.024663940204438746
2018,CBW05583-029135,Lemhi River,Lemhi,44.7070173,-113.3925141,2018-06-22T00:00:00Z,Chinook,0.2824390259333254,0.02479744408562263
2018,CBW05583-029135,Lemhi River,Lemhi,44.7070173,-113.3925141,2018-06-22T00:00:00Z,Steelhead,0.30376568984910973,0.02666987214062297
2018,CBW05583-080735,Pratt Creek,Lemhi,45.07904839,-113.6932635,2018-07-03T00:00:00Z,Steelhead,0.35531135527231006,0.147362798382079
2018,CBW05583-355167,Pratt Creek,Lemhi,45.09066,-113.66262,2018-07-03T00:00:00Z,Steelhead,0.6107526895380275,0.2211336413256594
2018,CBW05583-453039,Lee Creek,Lemhi,44.73927,-113.48282,2018-07-04T00:00:00Z,Steelhead,0.05815602833909763,0.02121359846070447
2018,CBW05583-519007,Pratt Creek,Lemhi,45.0993,-113.65249,2018-07-04T00:00:00Z,Steelhead,1.5268817238450687,0.44057977822002525
2018,CBW05583-102239,Bohannon Creek,Lemhi,45.113347,-113.744253,2018-07-16T00:00:00Z,Steelhead,0.958837211648132,0.49493864436473306
2018,CBW05583-064351,Kenney Creek,Lemhi,45.03282128,-113.6423052,2018-07-18T00:00:00Z,Steelhead,0.4699666014731275,0.11479910901576036
2018,CBW05583-121695,Kenney Creek,Lemhi,45.04071,-113.6218883,2018-07-19T00:00:00Z,Steelhead,0.23178680995388543,0.06679849455749273
2018,CBW05583-240479,Bohannon Creek,Lemhi,45.140844,-113.714568,2018-07-19T00:00:00Z,Steelhead,0.6495803369698233,0.18964811035011173
2018,CBW05583-449375,Kenney Creek,Lemhi,45.03780667,-113.6275817,2018-07-19T00:00:00Z,Steelhead,0.3708588959262167,0.09948975893090085
2018,CBW05583-362335,Kenney Creek,Lemhi,45.05362534,-113.598878,2018-07-23T00:00:00Z,Chinook,0,0
2018,CBW05583-362335,Kenney Creek,Lemhi,45.05362534,-113.598878,2018-07-23T00:00:00Z,Steelhead,0,0
2018,CBW05583-080335,Big Timber Creek,Lemhi,44.58939822,-113.3976491,2018-08-02T00:00:00Z,Steelhead,0.3538951836597728,0.047382288243512774
2018,CBW05583-091599,Big Timber Creek,Lemhi,44.692036,-113.37144,2018-08-03T00:00:00Z,Steelhead,0.12663934441384708,0.0332107849498027
2018,CBW05583-001487,Big Timber Creek,Lemhi,44.66421833,-113.37602,2018-08-04T00:00:00Z,Steelhead,0.3840236691298764,0.08206895459061646
2018,CBW05583-413535,Lemhi River,Lemhi,45.1143623,-113.7623567,2018-08-16T00:00:00Z,Steelhead,0.39918730829109356,0.02175555873239831
2018,CBW05583-029535,Lemhi River,Lemhi,44.94352999,-113.6408017,2018-08-21T00:00:00Z,Steelhead,0.39843750099609376,0.026392217479230255
2018,CBW05583-049615,Canyon Creek,Lemhi,44.73242333,-113.2754867,2018-08-30T00:00:00Z,Steelhead,0.39052359846582296,0.10233675956430838
2018,CBW05583-042447,Canyon Creek,Lemhi,44.6965,-113.33884,2018-09-02T00:00:00Z,Steelhead,0.7383720955646296,0.3030288519545978
2018,CBW05583-229839,Cruikshank Creek,Lemhi,44.75399299,-113.239237,2018-09-04T00:00:00Z,Steelhead,0.016017964077515327,0.006281825520910834
2018,CBW05583-048559,Hayden Creek,Lemhi,44.7892,-113.7028433,2018-09-16T00:00:00Z,Chinook,0.37316176410223834,0.04145704321277106
2018,CBW05583-048559,Hayden Creek,Lemhi,44.7892,-113.7028433,2018-09-16T00:00:00Z,Steelhead,0.43902053720386786,0.0487737360389586
2018,CBW05583-029103,Hayden Creek,Lemhi,44.85079167,-113.64587,2018-09-20T00:00:00Z,Steelhead,0.23912248609125528,0.023772108070034662
